index,exchange,symbol,conversion type(1× 2÷ 0 noConversion),conversionIndex,weight,tier value,priceMultiple,emaLagMs,uniqueExchangeAlias,chainId,tokenAddress,poolAddress,baseTokenAddress,quoteTokenAddress,subscribeName,sharesMultiplierSource,sharesMultiplierToken,sharesMultiplierBenchmark,conversionCheck
0G-USDT,Binance,0G/USDT,0,,0.4,4,1,0,,,,,,,,,,,TRUE
0G-USDT,Bitget,0G/USDT,0,,0.2,2,1,0,,,,,,,,,,,TRUE
0G-USDT,Mxc,0G/USDT,0,,0.2,2,1,0,,,,,,,,,,,TRUE
0G-USDT,Binance_LINEAR_PERPETUAL,0G/USDT,0,,0.2,2,1,0,,,,,,,,,,,TRUE
1INCH-EUR,Coinbase,1INCH/EUR,0,,1.0,3,1,0,,,,,,,,,,,TRUE
1INCH-USD,OKX,1INCH/USDT,1,USDT-USD,0.4,4,1,0,,,,,,,,,,,TRUE
1INCH-USD,Binance,1INCH/USDT,1,USDT-USD,0.4,4,1,0,,,,,,,,,,,TRUE
1INCH-USD,Gate,1INCH/USDT,1,USDT-USD,0.2,2,1,0,,,,,,,,,,,TRUE
AAPL-USDT,Ondo_TICKER,AAPL/USD,2,USDT-USD,0.25,2,1,0,,,,,,,,,,,TRUE
AAPL-USDT,Pyth,AAPL/USD,2,USDT-USD,0.25,2,1,0,,,,,,,,,,,TRUE
AAPL-USDT,Bitmart,AAPLX/USDT,0,,0.1,2,1,0,,,,,,,,,,,TRUE
AAPL-USDT,Gate_LINEAR_PERPETUAL,AAPLX/USDT,0,,0.2,2,1,0,,,,,,,,,,,TRUE
AAPL-USDT,OKX_PERPETUAL,AAPL-USDT/SWAP-SWAP,1,USDT/SWAP-USDT,0.2,2,1,0,,,,,,,,,,,TRUE
AAVE-EUR,Bitvavo,AAVE/EUR,0,,0.25,2,1,0,,,,,,,,,,,TRUE
AAVE-EUR,Coinbase,AAVE/EUR,0,,0.375,3,1,0,,,,,,,,,,,TRUE
AAVE-EUR,Kraken,AAVE/EUR,0,,0.375,3,1,0,,,,,,,,,,,TRUE
AAVE-TRY,Kucoin,AAVE/USDT,1,USDT-TRY,0.2,2,1,0,,,,,,,,,,,TRUE
AAVE-TRY,OKX,AAVE/USDT,1,USDT-TRY,0.4,4,1,0,,,,,,,,,,,TRUE
AAVE-TRY,Binance,AAVE/USDT,1,USDT-TRY,0.4,4,1,0,,,,,,,,,,,TRUE
AAVE-USD,OKX,AAVE/USDT,1,USDT-USD,0.308,4,1,0,,,,,,,,,,,TRUE
AAVE-USD,Coinbase,AAVE/USD,0,,0.231,3,1,0,,,,,,,,,,,TRUE
AAVE-USD,Binance,AAVE/USDT,1,USDT-USD,0.308,4,1,0,,,,,,,,,,,TRUE
AAVE-USD,Kucoin,AAVE/USDT,1,USDT-USD,0.154,2,1,0,,,,,,,,,,,TRUE
ACH-EUR,Bybit,ACH/USDT,1,USDT-EUR,1.0,3,1,0,,,,,,,,,,,TRUE
ACH-USD,Kucoin,ACH/USDT,1,USDT-USD,0.167,2,1,0,,,,,,,,,,,TRUE
ACH-USD,Gate,ACH/USDT,1,USDT-USD,0.167,2,1,0,,,,,,,,,,,TRUE
ACH-USD,Binance,ACH/USDT,1,USDT-USD,0.333,4,1,0,,,,,,,,,,,TRUE
ACH-USD,OKX,ACH/USDT,1,USDT-USD,0.333,4,1,0,,,,,,,,,,,TRUE
ACT-TRY,Binance,ACT/TRY,0,,1.0,4,1,0,,,,,,,,,,,TRUE
ADA-TRY,Binance,ADA/TRY,0,,0.667,4,1,0,,,,,,,,,,,TRUE
ADA-TRY,BTCTurk,ADA/TRY,0,,0.333,2,1,0,,,,,,,,,,,TRUE
ADA-USDT,OKX,ADA/USDT,0,,0.267,4,1,0,,,,,,,,,,,TRUE
ADA-USDT,Kucoin,ADA/USDT,0,,0.133,2,1,0,,,,,,,,,,,TRUE
ADA-USDT,Bybit,ADA/USDT,0,,0.2,3,1,0,,,,,,,,,,,TRUE
ADA-USDT,Binance,ADA/USDT,0,,0.267,4,1,0,,,,,,,,,,,TRUE
ADA-USDT,Gate,ADA/USDT,0,,0.133,2,1,0,,,,,,,,,,,TRUE
AERGO-EUR,Gate,AERGO/USDT,1,USDT-EUR,1.0,2,1,0,,,,,,,,,,,TRUE
AERGO-USD,Gate,AERGO/USDT,1,USDT-USD,1.0,2,1,0,,,,,,,,,,,TRUE
AERGO-USDC,Gate,AERGO/USDT,2,USDC-USDT,0.333,2,1,0,,,,,,,,,,,TRUE
AERGO-USDC,OKX,AERGO/USDT,2,USDC-USDT,0.667,4,1,0,,,,,,,,,,,TRUE
AERGO-USDT,Gate,AERGO/USDT,0,,0.333,2,1,0,,,,,,,,,,,TRUE
AERGO-USDT,OKX,AERGO/USDT,0,,0.667,4,1,0,,,,,,,,,,,TRUE
AEVO-EUR,Bybit,AEVO/USDT,1,USDT-EUR,1.0,3,1,0,,,,,,,,,,,TRUE
AEVO-USD,Gate,AEVO/USDT,1,USDT-USD,0.167,2,1,0,,,,,,,,,,,TRUE
AEVO-USD,OKX,AEVO/USDT,1,USDT-USD,0.333,4,1,0,,,,,,,,,,,TRUE
AEVO-USD,Kucoin,AEVO/USDT,1,USDT-USD,0.167,2,1,0,,,,,,,,,,,TRUE
AEVO-USD,Binance,AEVO/USDT,1,USDT-USD,0.333,4,1,0,,,,,,,,,,,TRUE
AGLD-EUR,Bybit,AGLD/USDT,1,USDT-EUR,1.0,3,1,0,,,,,,,,,,,TRUE
AGLD-USD,Gate,AGLD/USDT,1,USDT-USD,0.133,2,1,0,,,,,,,,,,,TRUE
AGLD-USD,Binance,AGLD/USDT,1,USDT-USD,0.267,4,1,0,,,,,,,,,,,TRUE
AGLD-USD,Mxc,AGLD/USDT,1,USDT-USD,0.133,2,1,0,,,,,,,,,,,TRUE
AGLD-USD,OKX,AGLD/USDT,1,USDT-USD,0.267,4,1,0,,,,,,,,,,,TRUE
AGLD-USD,Coinbase,AGLD/USD,0,,0.2,3,1,0,,,,,,,,,,,TRUE
AIXBT-EUR,OKX,AIXBT/USDT,1,USDT-EUR,1.0,4,1,0,,,,,,,,,,,TRUE
ALGO-EUR,Coinbase,ALGO/EUR,0,,0.375,3,1,0,,,,,,,,,,,TRUE
ALGO-EUR,Bitvavo,ALGO/EUR,0,,0.25,2,1,0,,,,,,,,,,,TRUE
ALGO-EUR,Kraken,ALGO/EUR,0,,0.375,3,1,0,,,,,,,,,,,TRUE
ALGO-USD,Kucoin,ALGO/USDT,1,USDT-USD,0.125,2,1,0,,,,,,,,,,,TRUE
ALGO-USD,OKX,ALGO/USDT,1,USDT-USD,0.25,4,1,0,,,,,,,,,,,TRUE
ALGO-USD,Kraken,ALGO/USD,0,,0.188,3,1,0,,,,,,,,,,,TRUE
ALGO-USD,Binance,ALGO/USDT,1,USDT-USD,0.25,4,1,0,,,,,,,,,,,TRUE
ALGO-USD,Coinbase,ALGO/USD,0,,0.188,3,1,0,,,,,,,,,,,TRUE
ALLO-EUR,Gate,ALLO/USDT,1,USDT-EUR,0.2,2,1,0,,,,,,,,,,,TRUE
ALLO-EUR,OKX,ALLO/USDT,1,USDT-EUR,0.4,4,1,0,,,,,,,,,,,TRUE
ALLO-EUR,Mxc,ALLO/USDT,1,USDT-EUR,0.2,2,1,0,,,,,,,,,,,TRUE
ALLO-EUR,Bitget,ALLO/USDT,1,USDT-EUR,0.2,2,1,0,,,,,,,,,,,TRUE
ALLO-TRY,Bitget,ALLO/USDT,1,USDT-TRY,0.2,2,1,0,,,,,,,,,,,TRUE
ALLO-TRY,Gate,ALLO/USDT,1,USDT-TRY,0.2,2,1,0,,,,,,,,,,,TRUE
ALLO-TRY,OKX,ALLO/USDT,1,USDT-TRY,0.4,4,1,0,,,,,,,,,,,TRUE
ALLO-TRY,Mxc,ALLO/USDT,1,USDT-TRY,0.2,2,1,0,,,,,,,,,,,TRUE
ALLO-USD,OKX,ALLO/USDT,1,USDT-USD,0.4,4,1,0,,,,,,,,,,,TRUE
ALLO-USD,Mxc,ALLO/USDT,1,USDT-USD,0.2,2,1,0,,,,,,,,,,,TRUE
ALLO-USD,Bitget,ALLO/USDT,1,USDT-USD,0.2,2,1,0,,,,,,,,,,,TRUE
ALLO-USD,Gate,ALLO/USDT,1,USDT-USD,0.2,2,1,0,,,,,,,,,,,TRUE
ALLO-USDC,Mxc,ALLO/USDT,2,USDC-USDT,0.2,2,1,0,,,,,,,,,,,TRUE
ALLO-USDC,Bitget,ALLO/USDT,2,USDC-USDT,0.2,2,1,0,,,,,,,,,,,TRUE
ALLO-USDC,Gate,ALLO/USDT,2,USDC-USDT,0.2,2,1,0,,,,,,,,,,,TRUE
ALLO-USDC,OKX,ALLO/USDT,2,USDC-USDT,0.4,4,1,0,,,,,,,,,,,TRUE
ALLO-USDT,Mxc,ALLO/USDT,0,,0.2,2,1,0,,,,,,,,,,,TRUE
ALLO-USDT,Bitget,ALLO/USDT,0,,0.2,2,1,0,,,,,,,,,,,TRUE
ALLO-USDT,Gate,ALLO/USDT,0,,0.2,2,1,0,,,,,,,,,,,TRUE
ALLO-USDT,OKX,ALLO/USDT,0,,0.4,4,1,0,,,,,,,,,,,TRUE
AMD-USDT,OKX_PERPETUAL,AMD-USDT/SWAP-SWAP,1,USDT/SWAP-USDT,0.3,2,1,0,,,,,,,,,,,TRUE
AMD-USDT,Pyth,AMD/USD,2,USDT-USD,0.4,2,1,0,,,,,,,,,,,TRUE
AMD-USDT,Hyperliquid_LINEAR_PERPETUAL,AMD/USDC,1,USDC-USDT,0.3,2,1,0,,,,,,,,,,,TRUE
AMZN-USDT,Binance_LINEAR_PERPETUAL,AMZN/USDT,0,,0.15,2,1,0,,,,,,,,,,,TRUE
AMZN-USDT,OKX_PERPETUAL,AMZN-USDT/SWAP-SWAP,1,USDT/SWAP-USDT,0.15,2,1,0,,,,,,,,,,,TRUE
AMZN-USDT,Ondo_TICKER,AMZN/USD,2,USDT-USD,0.2,2,1,0,,,,,,,,,,,TRUE
AMZN-USDT,Pyth,AMZN/USD,2,USDT-USD,0.2,2,1,0,,,,,,,,,,,TRUE
AMZN-USDT,Binance_LINEAR_INDEX,AMZN/USDT,0,,0.2,2,1,0,,,,,,,,,,,TRUE
AMZN-USDT,Bitmart,AMZNX/USDT,0,,0.1,2,1,0,,,,,,,,,,,TRUE
ANIME-EUR,Binance,ANIME/USDT,1,USDT-EUR,0.5,4,1,0,,,,,,,,,,,TRUE
ANIME-EUR,Mxc,ANIME/USDT,1,USDT-EUR,0.25,2,1,0,,,,,,,,,,,TRUE
ANIME-EUR,Gate,ANIME/USDT,1,USDT-EUR,0.25,2,1,0,,,,,,,,,,,TRUE
APE-EUR,Kraken,APE/EUR,0,,0.5,3,1,0,,,,,,,,,,,TRUE
APE-EUR,Coinbase,APE/EUR,0,,0.5,3,1,0,,,,,,,,,,,TRUE
APE-USD,Binance,APE/USDT,1,USDT-USD,0.267,4,1,0,,,,,,,,,,,TRUE
APE-USD,Coinbase,APE/USD,0,,0.2,3,1,0,,,,,,,,,,,TRUE
APE-USD,OKX,APE/USDT,1,USDT-USD,0.267,4,1,0,,,,,,,,,,,TRUE
APE-USD,Kucoin,APE/USDT,1,USDT-USD,0.133,2,1,0,,,,,,,,,,,TRUE
APE-USD,Gate,APE/USDT,1,USDT-USD,0.133,2,1,0,,,,,,,,,,,TRUE
APR-USDT,Coinbase,APR/USD,2,USDT-USD,0.333,3,1,0,,,,,,,,,,,TRUE
APR-USDT,Binance_LINEAR_PERPETUAL,APR/USDT,0,,0.222,2,1,0,,,,,,,,,,,TRUE
APR-USDT,Bitget,APR/USDT,0,,0.222,2,1,0,,,,,,,,,,,TRUE
APR-USDT,Mxc,APR/USDT,0,,0.222,2,1,0,,,,,,,,,,,TRUE
APT-EUR,Binance,APT/EUR,0,,0.444,4,1,0,,,,,,,,,,,TRUE
APT-EUR,Bitvavo,APT/EUR,0,,0.222,2,1,0,,,,,,,,,,,TRUE
APT-EUR,Kraken,APT/EUR,0,,0.333,3,1,0,,,,,,,,,,,TRUE
APT-TRY,Binance,APT/TRY,0,,0.667,4,1,0,,,,,,,,,,,TRUE
APT-TRY,BTCTurk,APT/TRY,0,,0.333,2,1,0,,,,,,,,,,,TRUE
AR-EUR,Bybit,AR/USDT,1,USDT-EUR,1.0,3,1,0,,,,,,,,,,,TRUE
AR-USD,Gate,AR/USDT,1,USDT-USD,0.167,2,1,0,,,,,,,,,,,TRUE
AR-USD,Binance,AR/USDT,1,USDT-USD,0.333,4,1,0,,,,,,,,,,,TRUE
AR-USD,OKX,AR/USDT,1,USDT-USD,0.333,4,1,0,,,,,,,,,,,TRUE
AR-USD,Kucoin,AR/USDT,1,USDT-USD,0.167,2,1,0,,,,,,,,,,,TRUE
ARB-EUR,Kraken,ARB/EUR,0,,0.231,3,1,0,,,,,,,,,,,TRUE
ARB-EUR,Binance,ARB/EUR,0,,0.308,4,1,0,,,,,,,,,,,TRUE
ARB-EUR,OKX,ARB/EUR,0,,0.308,4,1,0,,,,,,,,,,,TRUE
ARB-EUR,Bitvavo,ARB/EUR,0,,0.154,2,1,0,,,,,,,,,,,TRUE
ARB-TRY,Binance,ARB/TRY,0,,0.667,4,1,0,,,,,,,,,,,TRUE
ARB-TRY,BTCTurk,ARB/TRY,0,,0.333,2,1,0,,,,,,,,,,,TRUE
ARG-EUR,Gate,ARG/USDT,1,USDT-EUR,0.333,2,1,0,,,,,,,,,,,TRUE
ARG-EUR,OKX,ARG/USDT,1,USDT-EUR,0.667,4,1,0,,,,,,,,,,,TRUE
ARG-USD,OKX,ARG/USDT,1,USDT-USD,0.667,4,1,0,,,,,,,,,,,TRUE
ARG-USD,Gate,ARG/USDT,1,USDT-USD,0.333,2,1,0,,,,,,,,,,,TRUE
ARG-USDC,Gate,ARG/USDT,2,USDC-USDT,0.333,2,1,0,,,,,,,,,,,TRUE
ARG-USDC,OKX,ARG/USDT,2,USDC-USDT,0.667,4,1,0,,,,,,,,,,,TRUE
ARG-USDT,OKX,ARG/USDT,0,,0.667,4,1,0,,,,,,,,,,,TRUE
ARG-USDT,Gate,ARG/USDT,0,,0.333,2,1,0,,,,,,,,,,,TRUE
ARKM-TRY,Binance,ARKM/TRY,0,,0.4,4,1,0,,,,,,,,,,,TRUE
ARKM-TRY,BTCTurk,ARKM/TRY,0,,0.2,2,1,0,,,,,,,,,,,TRUE
ARKM-TRY,OKX,ARKM/TRY,0,,0.4,4,1,0,,,,,,,,,,,TRUE
ASP-EUR,BingX,ASP/USDT,1,USDT-EUR,0.333,2,1,0,,,,,,,,,,,TRUE
ASP-EUR,OKX,ASP/USDT,1,USDT-EUR,0.667,4,1,0,,,,,,,,,,,TRUE
ASP-USD,BingX,ASP/USDT,1,USDT-USD,0.333,2,1,0,,,,,,,,,,,TRUE
ASP-USD,OKX,ASP/USDT,1,USDT-USD,0.667,4,1,0,,,,,,,,,,,TRUE
ASP-USDC,BingX,ASP/USDT,2,USDC-USDT,1.0,2,1,0,,,,,,,,,,,TRUE
ASP-USDT,BingX,ASP/USDT,0,,1.0,2,1,0,,,,,,,,,,,TRUE
ASTER-TRY,Binance,ASTER/TRY,0,,1.0,4,1,0,,,,,,,,,,,TRUE
AT-USDT,Bitmart,AT/USDT,0,,0.25,2,1,0,,,,,,,,,,,TRUE
AT-USDT,Binance_LINEAR_PERPETUAL,AT/USDT,0,,0.25,2,1,0,,,,,,,,,,,TRUE
AT-USDT,Gate,AT/USDT,0,,0.25,2,1,0,,,,,,,,,,,TRUE
AT-USDT,Mxc,AT/USDT,0,,0.25,2,1,0,,,,,,,,,,,TRUE
ATOM-EUR,Kraken,ATOM/EUR,0,,0.188,3,1,0,,,,,,,,,,,TRUE
ATOM-EUR,Bitvavo,ATOM/EUR,0,,0.125,2,1,0,,,,,,,,,,,TRUE
ATOM-EUR,Binance,ATOM/EUR,0,,0.25,4,1,0,,,,,,,,,,,TRUE
ATOM-EUR,Coinbase,ATOM/EUR,0,,0.188,3,1,0,,,,,,,,,,,TRUE
ATOM-EUR,OKX,ATOM/EUR,0,,0.25,4,1,0,,,,,,,,,,,TRUE
AUCTION-EUR,Mxc,AUCTION/USDT,1,USDT-EUR,1.0,2,1,0,,,,,,,,,,,TRUE
AVAX-EUR,Binance,AVAX/EUR,0,,0.25,4,1,0,,,,,,,,,,,TRUE
AVAX-EUR,Bitstamp,AVAX/EUR,0,,0.125,2,1,0,,,,,,,,,,,TRUE
AVAX-EUR,Kraken,AVAX/EUR,0,,0.187,3,1,0,,,,,,,,,,,TRUE
AVAX-EUR,Coinbase,AVAX/EUR,0,,0.187,3,1,0,,,,,,,,,,,TRUE
AVAX-EUR,OKX,AVAX/EUR,0,,0.25,4,1,0,,,,,,,,,,,TRUE
AVAX-TRY,Binance,AVAX/TRY,0,,0.4,4,1,0,,,,,,,,,,,TRUE
AVAX-TRY,OKX,AVAX/TRY,0,,0.4,4,1,0,,,,,,,,,,,TRUE
AVAX-TRY,BTCTurk,AVAX/TRY,0,,0.2,2,1,0,,,,,,,,,,,TRUE
AXS-EUR,Bitvavo,AXS/EUR,0,,1.0,2,1,0,,,,,,,,,,,TRUE
AXS-USD,Coinbase,AXS/USD,0,,0.2,3,1,0,,,,,,,,,,,TRUE
AXS-USD,OKX,AXS/USDT,1,USDT-USD,0.267,4,1,0,,,,,,,,,,,TRUE
AXS-USD,Kucoin,AXS/USDT,1,USDT-USD,0.133,2,1,0,,,,,,,,,,,TRUE
AXS-USD,Gate,AXS/USDT,1,USDT-USD,0.133,2,1,0,,,,,,,,,,,TRUE
AXS-USD,Binance,AXS/USDT,1,USDT-USD,0.267,4,1,0,,,,,,,,,,,TRUE
AZTEC-USDT,Kucoin,AZTEC/USDT,0,,0.333,2,1,0,,,,,,,,,,,TRUE
AZTEC-USDT,Mxc,AZTEC/USDT,0,,0.333,2,1,0,,,,,,,,,,,TRUE
AZTEC-USDT,Gate,AZTEC/USDT,0,,0.333,2,1,0,,,,,,,,,,,TRUE
BABY-EUR,Bitget,BABY/USDT,1,USDT-EUR,0.167,2,1,0,,,,,,,,,,,TRUE
BABY-EUR,Gate,BABY/USDT,1,USDT-EUR,0.167,2,1,0,,,,,,,,,,,TRUE
BABY-EUR,OKX,BABY/USDT,1,USDT-EUR,0.333,4,1,0,,,,,,,,,,,TRUE
BABY-EUR,Binance,BABY/USDT,1,USDT-EUR,0.333,4,1,0,,,,,,,,,,,TRUE
BABY-USD,Bitget,BABY/USDT,1,USDT-USD,0.182,2,1,0,,,,,,,,,,,TRUE
BABY-USD,Bybit,BABY1/USDT,1,USDT-USD,0.273,3,1,0,,,,,,,,,,,TRUE
BABY-USD,Gate,BABY/USDT,1,USDT-USD,0.182,2,1,0,,,,,,,,,,,TRUE
BABY-USD,OKX,BABY/USDT,1,USDT-USD,0.364,4,1,0,,,,,,,,,,,TRUE
BABY-USDC,Binance,BABY/USDT,2,USDC-USDT,0.333,4,1,0,,,,,,,,,,,TRUE
BABY-USDC,Bitget,BABY/USDT,2,USDC-USDT,0.167,2,1,0,,,,,,,,,,,TRUE
BABY-USDC,Gate,BABY/USDT,2,USDC-USDT,0.167,2,1,0,,,,,,,,,,,TRUE
BABY-USDC,OKX,BABY/USDT,2,USDC-USDT,0.333,4,1,0,,,,,,,,,,,TRUE
BABYDOGE-EUR,OKX,BABYDOGE/USDT,1,USDT-EUR,0.364,4,1,0,,,,,,,,,,,TRUE
BABYDOGE-EUR,Bybit,BABYDOGE/USDT,1,USDT-EUR,0.273,3,1,0,,,,,,,,,,,TRUE
BABYDOGE-EUR,Gate,BABYDOGE/USDT,1,USDT-EUR,0.182,2,1,0,,,,,,,,,,,TRUE
BABYDOGE-EUR,Kucoin,BABYDOGE/USDT,1,USDT-EUR,0.182,2,1,0,,,,,,,,,,,TRUE
BABYDOGE-USD,OKX,BABYDOGE/USDT,1,USDT-USD,0.364,4,1,0,,,,,,,,,,,TRUE
BABYDOGE-USD,Bybit,BABYDOGE/USDT,1,USDT-USD,0.273,3,1,0,,,,,,,,,,,TRUE
BABYDOGE-USD,Gate,BABYDOGE/USDT,1,USDT-USD,0.182,2,1,0,,,,,,,,,,,TRUE
BABYDOGE-USD,Kucoin,BABYDOGE/USDT,1,USDT-USD,0.182,2,1,0,,,,,,,,,,,TRUE
BABYDOGE-USDC,OKX,BABYDOGE/USDT,2,USDC-USDT,0.364,4,1,0,,,,,,,,,,,TRUE
BABYDOGE-USDC,Bybit,BABYDOGE/USDT,2,USDC-USDT,0.273,3,1,0,,,,,,,,,,,TRUE
BABYDOGE-USDC,Gate,BABYDOGE/USDT,2,USDC-USDT,0.182,2,1,0,,,,,,,,,,,TRUE
BABYDOGE-USDC,Kucoin,BABYDOGE/USDT,2,USDC-USDT,0.182,2,1,0,,,,,,,,,,,TRUE
BABYDOGE-USDT,Bybit,BABYDOGE/USDT,0,,0.273,3,1,0,,,,,,,,,,,TRUE
BABYDOGE-USDT,Gate,BABYDOGE/USDT,0,,0.182,2,1,0,,,,,,,,,,,TRUE
BABYDOGE-USDT,Kucoin,BABYDOGE/USDT,0,,0.182,2,1,0,,,,,,,,,,,TRUE
BABYDOGE-USDT,OKX,BABYDOGE/USDT,0,,0.364,4,1,0,,,,,,,,,,,TRUE
BAT-USD,OKX,BAT/USDT,1,USDT-USD,0.308,4,1,0,,,,,,,,,,,TRUE
BAT-USD,Coinbase,BAT/USD,0,,0.231,3,1,0,,,,,,,,,,,TRUE
BAT-USD,Binance,BAT/USDT,1,USDT-USD,0.308,4,1,0,,,,,,,,,,,TRUE
BAT-USD,Gate,BAT/USDT,1,USDT-USD,0.154,2,1,0,,,,,,,,,,,TRUE
BCH-EUR,Bybit,BCH/USDT,1,USDT-EUR,1.0,3,1,0,,,,,,,,,,,TRUE
BCH-USDC,Binance,BCH/USDT,2,USDC-USDT,0.308,4,1,0,,,,,,,,,,,TRUE
BCH-USDC,OKX,BCH/USDT,2,USDC-USDT,0.308,4,1,0,,,,,,,,,,,TRUE
BCH-USDC,Bybit,BCH/USDT,2,USDC-USDT,0.231,3,1,0,,,,,,,,,,,TRUE
BCH-USDC,Kucoin,BCH/USDT,2,USDC-USDT,0.154,2,1,0,,,,,,,,,,,TRUE
BCH-USDT,Bybit,BCH/USDT,0,,0.2,3,1,0,,,,,,,,,,,TRUE
BCH-USDT,Binance,BCH/USDT,0,,0.267,4,1,0,,,,,,,,,,,TRUE
BCH-USDT,Mxc,BCH/USDT,0,,0.133,2,1,0,,,,,,,,,,,TRUE
BCH-USDT,OKX,BCH/USDT,0,,0.267,4,1,0,,,,,,,,,,,TRUE
BCH-USDT,Kucoin,BCH/USDT,0,,0.133,2,1,0,,,,,,,,,,,TRUE
BETH-ETH,OKX,ETH/USDT,2,ETH-USDT,0.308,4,1,0,,,,,,,,,,,TRUE
BETH-ETH,Binance,ETH/USDT,2,ETH-USDT,0.308,4,1,0,,,,,,,,,,,TRUE
BETH-ETH,Bybit,ETH/USDT,2,ETH-USDT,0.231,3,1,0,,,,,,,,,,,TRUE
BETH-ETH,Kucoin,ETH/USDT,2,ETH-USDT,0.154,2,1,0,,,,,,,,,,,TRUE
BIGTIME-EUR,Binance,BIGTIME/USDT,1,USDT-EUR,1.0,4,1,0,,,,,,,,,,,TRUE
BIGTIME-USD,Kucoin,BIGTIME/USDT,1,USDT-USD,0.182,2,1,0,,,,,,,,,,,TRUE
BIGTIME-USD,Gate,BIGTIME/USDT,1,USDT-USD,0.182,2,1,0,,,,,,,,,,,TRUE
BIGTIME-USD,OKX,BIGTIME/USDT,1,USDT-USD,0.364,4,1,0,,,,,,,,,,,TRUE
BIGTIME-USD,Coinbase,BIGTIME/USD,0,,0.273,3,1,0,,,,,,,,,,,TRUE
BIO-USD,Binance,BIO/USDT,1,USDT-USD,0.5,4,1,0,,,,,,,,,,,TRUE
BIO-USD,Gate,BIO/USDT,1,USDT-USD,0.25,2,1,0,,,,,,,,,,,TRUE
BIO-USD,Kucoin,BIO/USDT,1,USDT-USD,0.25,2,1,0,,,,,,,,,,,TRUE
BNB-EUR,OKX,BNB/USDT,1,USDT-EUR,0.308,4,1,0,,,,,,,,,,,TRUE
BNB-EUR,Bitvavo,BNB/EUR,0,,0.154,2,1,0,,,,,,,,,,,TRUE
BNB-EUR,Binance,BNB/EUR,0,,0.308,4,1,0,,,,,,,,,,,TRUE
BNB-EUR,Kraken,BNB/EUR,0,,0.231,3,1,0,,,,,,,,,,,TRUE
BNT-EUR,Mxc,BNT/USDT,1,USDT-EUR,0.4,2,1,0,,,,,,,,,,,TRUE
BNT-EUR,Kraken,BNT/USD,1,USD-EUR,0.6,3,1,0,,,,,,,,,,,TRUE
BNT-USD,Gate,BNT/USDT,1,USDT-USD,0.222,2,1,0,,,,,,,,,,,TRUE
BNT-USD,Coinbase,BNT/USD,0,,0.333,3,1,0,,,,,,,,,,,TRUE
BNT-USD,Binance,BNT/USDT,1,USDT-USD,0.444,4,1,0,,,,,,,,,,,TRUE
BNT-USDC,Binance,BNT/USDT,2,USDC-USDT,0.364,4,1,0,,,,,,,,,,,TRUE
BNT-USDC,Kraken,BNT/USD,1,USD-USDC,0.273,3,1,0,,,,,,,,,,,TRUE
BNT-USDC,Gate,BNT/USDT,2,USDC-USDT,0.182,2,1,0,,,,,,,,,,,TRUE
BNT-USDC,Mxc,BNT/USDT,2,USDC-USDT,0.182,2,1,0,,,,,,,,,,,TRUE
BNT-USDT,Binance,BNT/USDT,0,,0.364,4,1,0,,,,,,,,,,,TRUE
BNT-USDT,Mxc,BNT/USDT,0,,0.182,2,1,0,,,,,,,,,,,TRUE
BNT-USDT,Gate,BNT/USDT,0,,0.182,2,1,0,,,,,,,,,,,TRUE
BNT-USDT,Kraken,BNT/USD,2,USDT-USD,0.273,3,1,0,,,,,,,,,,,TRUE
BONK-EUR,Bybit,BONK/USDT,1,USDT-EUR,1.0,3,1,0,,,,,,,,,,,TRUE
BONK-TRY,Binance,BONK/TRY,0,,0.667,4,1,0,,,,,,,,,,,TRUE
BONK-TRY,BTCTurk,BONK/TRY,0,,0.333,2,1,0,,,,,,,,,,,TRUE
BONK-USD,Gate,BONK/USDT,1,USDT-USD,0.167,2,1,0,,,,,,,,,,,TRUE
BONK-USD,OKX,BONK/USDT,1,USDT-USD,0.333,4,1,0,,,,,,,,,,,TRUE
BONK-USD,Kucoin,BONK/USDT,1,USDT-USD,0.167,2,1,0,,,,,,,,,,,TRUE
BONK-USD,Binance,BONK/USDT,1,USDT-USD,0.333,4,1,0,,,,,,,,,,,TRUE
BRL1-BRL,OKX,BRL1/USDT,1,USDT-BRL,1.0,4,1,0,,,,,,,,,,,TRUE
BRL1-USDT,OKX,BRL1/USDT,0,,1.0,4,1,0,,,,,,,,,,,TRUE
BSB-USDT,Bitget,BSB/USDT,0,,0.286,2,1,0,,,,,,,,,,,TRUE
BSB-USDT,Mxc,BSB/USDT,0,,0.286,2,1,0,,,,,,,,,,,TRUE
BSB-USDT,Bybit,BSB/USDT,0,,0.429,3,1,0,,,,,,,,,,,TRUE
BTC-TRY,OKX,BTC/TRY,0,,0.4,4,1,0,,,,,,,,,,,TRUE
BTC-TRY,BTCTurk,BTC/TRY,0,,0.2,2,1,0,,,,,,,,,,,TRUE
BTC-TRY,Binance,BTC/TRY,0,,0.4,4,1,0,,,,,,,,,,,TRUE
BTC-USD,Kraken,BTC/USD,0,,0.273,3,1,0,,,,,,,,,,,TRUE
BTC-USD,Bitstamp,BTC/USD,0,,0.182,2,1,0,,,,,,,,,,,TRUE
BTC-USD,Crypto,BTC/USD,0,,0.273,3,1,0,,,,,,,,,,,TRUE
BTC-USD,Coinbase,BTC/USD,0,,0.273,3,1,0,,,,,,,,,,,TRUE
BZ-USDT,Hyperliquid_LINEAR_PERPETUAL,BRENTOIL/USDC,1,USDC-USDT,0.3,2,1,0,,,,,,,,,,,TRUE
BZ-USDT,OKX_PERPETUAL,BZ-USDT/SWAP-SWAP,1,USDT/SWAP-USDT,0.3,2,1,0,,,,,,,,,,,TRUE
BZ-USDT,Pyth_Front,BRENTOIL/USD,2,USDT-USD,0.4,2,1,0,,,,,,,,,,,TRUE
CAT-EUR,Gate,CAT/USDT,1,USDT-EUR,0.333,2,1,0,,,,,,,,,,,TRUE
CAT-EUR,Mxc,CAT/USDT,1,USDT-EUR,0.333,2,1,0,,,,,,,,,,,TRUE
CAT-EUR,Kucoin,CAT/USDT,1,USDT-EUR,0.333,2,1,0,,,,,,,,,,,TRUE
CAT-USD,Gate,CAT/USDT,1,USDT-USD,0.2,2,1,0,,,,,,,,,,,TRUE
CAT-USD,Mxc,CAT/USDT,1,USDT-USD,0.2,2,1,0,,,,,,,,,,,TRUE
CAT-USD,Kucoin,CAT/USDT,1,USDT-USD,0.2,2,1,0,,,,,,,,,,,TRUE
CAT-USD,OKX,CAT/USDT,1,USDT-USD,0.4,4,1,0,,,,,,,,,,,TRUE
CAT-USDC,Gate,CAT/USDT,2,USDC-USDT,0.2,2,1,0,,,,,,,,,,,TRUE
CAT-USDC,Mxc,CAT/USDT,2,USDC-USDT,0.2,2,1,0,,,,,,,,,,,TRUE
CAT-USDC,Kucoin,CAT/USDT,2,USDC-USDT,0.2,2,1,0,,,,,,,,,,,TRUE
CAT-USDC,OKX,CAT/USDT,2,USDC-USDT,0.4,4,1,0,,,,,,,,,,,TRUE
CAT-USDT,Gate,CAT/USDT,0,,0.2,2,1,0,,,,,,,,,,,TRUE
CAT-USDT,Mxc,CAT/USDT,0,,0.2,2,1,0,,,,,,,,,,,TRUE
CAT-USDT,Kucoin,CAT/USDT,0,,0.2,2,1,0,,,,,,,,,,,TRUE
CAT-USDT,OKX,CAT/USDT,0,,0.4,4,1,0,,,,,,,,,,,TRUE
CC-TRY,Gate,CC/USDT,1,USDT-TRY,0.286,2,1,0,,,,,,,,,,,TRUE
CC-TRY,Kucoin,CC/USDT,1,USDT-TRY,0.286,2,1,0,,,,,,,,,,,TRUE
CC-TRY,Bybit,CC/USDT,1,USDT-TRY,0.429,3,1,0,,,,,,,,,,,TRUE
CELO-EUR,Bybit,CELO/USDT,1,USDT-EUR,1.0,3,1,0,,,,,,,,,,,TRUE
CELO-USD,Kucoin,CELO/USDT,1,USDT-USD,0.2,2,1,0,,,,,,,,,,,TRUE
CELO-USD,OKX,CELO/USDT,1,USDT-USD,0.4,4,1,0,,,,,,,,,,,TRUE
CELO-USD,Binance,CELO/USDT,1,USDT-USD,0.4,4,1,0,,,,,,,,,,,TRUE
CELR-EUR,Mxc,CELR/USDT,1,USDT-EUR,1.0,2,1,0,,,,,,,,,,,TRUE
CELR-USD,OKX,CELR/USDT,1,USDT-USD,0.4,4,1,0,,,,,,,,,,,TRUE
CELR-USD,Binance,CELR/USDT,1,USDT-USD,0.4,4,1,0,,,,,,,,,,,TRUE
CELR-USD,Gate,CELR/USDT,1,USDT-USD,0.2,2,1,0,,,,,,,,,,,TRUE
CELR-USDC,Mxc,CELR/USDT,2,USDC-USDT,0.167,2,1,0,,,,,,,,,,,TRUE
CELR-USDC,OKX,CELR/USDT,2,USDC-USDT,0.333,4,1,0,,,,,,,,,,,TRUE
CELR-USDC,Binance,CELR/USDT,2,USDC-USDT,0.333,4,1,0,,,,,,,,,,,TRUE
CELR-USDC,Gate,CELR/USDT,2,USDC-USDT,0.167,2,1,0,,,,,,,,,,,TRUE
CETUS-USD,Gate,CETUS/USDT,1,USDT-USD,0.25,2,1,0,,,,,,,,,,,TRUE
CETUS-USD,OKX,CETUS/USDT,1,USDT-USD,0.5,4,1,0,,,,,,,,,,,TRUE
CETUS-USD,Kucoin,CETUS/USDT,1,USDT-USD,0.25,2,1,0,,,,,,,,,,,TRUE
CFG-EUR,OKX,CFG/USDT,1,USDT-EUR,1.0,4,1,0,,,,,,,,,,,TRUE
CFG-TRY,OKX,CFG/USDT,1,USDT-TRY,0.4,4,1,0,,,,,,,,,,,TRUE
CFG-TRY,BingX,CFG/USDT,1,USDT-TRY,0.2,2,1,0,,,,,,,,,,,TRUE
CFG-TRY,Gate,CFG/USDT,1,USDT-TRY,0.2,2,1,0,,,,,,,,,,,TRUE
CFG-TRY,Kucoin,CFG/USDT,1,USDT-TRY,0.2,2,1,0,,,,,,,,,,,TRUE
CFG-USD,Gate,CFG/USDT,1,USDT-USD,0.2,2,1,0,,,,,,,,,,,TRUE
CFG-USD,Kucoin,CFG/USDT,1,USDT-USD,0.2,2,1,0,,,,,,,,,,,TRUE
CFG-USD,OKX,CFG/USDT,1,USDT-USD,0.4,4,1,0,,,,,,,,,,,TRUE
CFG-USD,BingX,CFG/USDT,1,USDT-USD,0.2,2,1,0,,,,,,,,,,,TRUE
CFG-USDC,BingX,CFG/USDT,2,USDC-USDT,0.2,2,1,0,,,,,,,,,,,TRUE
CFG-USDC,OKX,CFG/USDT,2,USDC-USDT,0.4,4,1,0,,,,,,,,,,,TRUE
CFG-USDC,Gate,CFG/USDT,2,USDC-USDT,0.2,2,1,0,,,,,,,,,,,TRUE
CFG-USDC,Kucoin,CFG/USDT,2,USDC-USDT,0.2,2,1,0,,,,,,,,,,,TRUE
CFG-USDT,BingX,CFG/USDT,0,,0.2,2,1,0,,,,,,,,,,,TRUE
CFG-USDT,Gate,CFG/USDT,0,,0.2,2,1,0,,,,,,,,,,,TRUE
CFG-USDT,Kucoin,CFG/USDT,0,,0.2,2,1,0,,,,,,,,,,,TRUE
CFG-USDT,OKX,CFG/USDT,0,,0.4,4,1,0,,,,,,,,,,,TRUE
CHZ-EUR,OKX,CHZ/EUR,0,,0.4,4,1,0,,,,,,,,,,,TRUE
CHZ-EUR,Kraken,CHZ/EUR,0,,0.3,3,1,0,,,,,,,,,,,TRUE
CHZ-EUR,Coinbase,CHZ/EUR,0,,0.3,3,1,0,,,,,,,,,,,TRUE
CHZ-TRY,Binance,CHZ/USDT,1,USDT-TRY,0.4,4,1,0,,,,,,,,,,,TRUE
CHZ-TRY,Hitbtc,CHZ/USDT,1,USDT-TRY,0.2,2,1,0,,,,,,,,,,,TRUE
CHZ-TRY,OKX,CHZ/USDT,1,USDT-TRY,0.4,4,1,0,,,,,,,,,,,TRUE
CHZ-USD,Coinbase,CHZ/USD,0,,0.231,3,1,0,,,,,,,,,,,TRUE
CHZ-USD,OKX,CHZ/USDT,1,USDT-USD,0.308,4,1,0,,,,,,,,,,,TRUE
CHZ-USD,Binance,CHZ/USDT,1,USDT-USD,0.308,4,1,0,,,,,,,,,,,TRUE
CHZ-USD,Hitbtc,CHZ/USDT,1,USDT-USD,0.154,2,1,0,,,,,,,,,,,TRUE
CITY-EUR,Bybit,CITY/USDT,1,USDT-EUR,1.0,3,1,0,,,,,,,,,,,TRUE
CITY-USD,Bitmart,CITY/USDT,1,USDT-USD,0.2,2,1,0,,,,,,,,,,,TRUE
CITY-USD,OKX,CITY/USDT,1,USDT-USD,0.4,4,1,0,,,,,,,,,,,TRUE
CITY-USD,Binance,CITY/USDT,1,USDT-USD,0.4,4,1,0,,,,,,,,,,,TRUE
CL-USDT,Pyth_Front,CL/USD,2,USDT-USD,0.4,2,1,0,,,,,,,,,,,TRUE
CL-USDT,Hyperliquid_LINEAR_PERPETUAL,CL/USDC,1,USDC-USDT,0.3,2,1,0,,,,,,,,,,,TRUE
CL-USDT,OKX_PERPETUAL,CL-USDT/SWAP-SWAP,1,USDT/SWAP-USDT,0.3,2,1,0,,,,,,,,,,,TRUE
COIN-USDT,Ondo_TICKER,COIN/USD,2,USDT-USD,0.2,2,1,0,,,,,,,,,,,TRUE
COIN-USDT,Pyth,COIN/USD,2,USDT-USD,0.2,2,1,0,,,,,,,,,,,TRUE
COIN-USDT,Binance_LINEAR_INDEX,COIN/USDT,0,,0.2,2,1,0,,,,,,,,,,,TRUE
COIN-USDT,Bitmart,COINX/USDT,0,,0.1,2,1,0,,,,,,,,,,,TRUE
COIN-USDT,Binance_LINEAR_PERPETUAL,COIN/USDT,0,,0.15,2,1,0,,,,,,,,,,,TRUE
COIN-USDT,OKX_PERPETUAL,COIN-USDT/SWAP-SWAP,1,USDT/SWAP-USDT,0.15,2,1,0,,,,,,,,,,,TRUE
COMP-EUR,Bitvavo,COMP/EUR,0,,0.4,2,1,0,,,,,,,,,,,TRUE
COMP-EUR,Kraken,COMP/EUR,0,,0.6,3,1,0,,,,,,,,,,,TRUE
COMP-USD,OKX,COMP/USDT,1,USDT-USD,0.333,4,1,0,,,,,,,,,,,TRUE
COMP-USD,Gate,COMP/USDT,1,USDT-USD,0.167,2,1,0,,,,,,,,,,,TRUE
COMP-USD,Bybit,COMP/USDT,1,USDT-USD,0.25,3,1,0,,,,,,,,,,,TRUE
COMP-USD,Coinbase,COMP/USD,0,,0.25,3,1,0,,,,,,,,,,,TRUE
CRCL-USDT,Ondo_TICKER,CRCL/USD,2,USDT-USD,0.2,2,1,0,,,,,,,,,,,TRUE
CRCL-USDT,Pyth,CRCL/USD,2,USDT-USD,0.2,2,1,0,,,,,,,,,,,TRUE
CRCL-USDT,Binance_LINEAR_INDEX,CRCL/USDT,0,,0.2,2,1,0,,,,,,,,,,,TRUE
CRCL-USDT,Bitmart,CRCLX/USDT,0,,0.1,2,1,0,,,,,,,,,,,TRUE
CRCL-USDT,Binance_LINEAR_PERPETUAL,CRCL/USDT,0,,0.15,2,1,0,,,,,,,,,,,TRUE
CRCL-USDT,OKX_PERPETUAL,CRCL-USDT/SWAP-SWAP,1,USDT/SWAP-USDT,0.15,2,1,0,,,,,,,,,,,TRUE
CRV-EUR,Coinbase,CRV/EUR,0,,0.375,3,1,0,,,,,,,,,,,TRUE
CRV-EUR,Kraken,CRV/EUR,0,,0.375,3,1,0,,,,,,,,,,,TRUE
CRV-EUR,Bitvavo,CRV/EUR,0,,0.25,2,1,0,,,,,,,,,,,TRUE
CSPR-EUR,Bybit,CSPR/USDT,1,USDT-EUR,1.0,3,1,0,,,,,,,,,,,TRUE
CSPR-USD,OKX,CSPR/USDT,1,USDT-USD,0.4,4,1,0,,,,,,,,,,,TRUE
CSPR-USD,Gate,CSPR/USDT,1,USDT-USD,0.2,2,1,0,,,,,,,,,,,TRUE
CSPR-USD,Mxc,CSPR/USDT,1,USDT-USD,0.2,2,1,0,,,,,,,,,,,TRUE
CSPR-USD,Kucoin,CSPR/USDT,1,USDT-USD,0.2,2,1,0,,,,,,,,,,,TRUE
DAI-TRY,Bybit,DAI/USDT,1,USDT-TRY,0.429,3,1,0,,,,,,,,,,,TRUE
DAI-TRY,OKX,DAI/USDT,1,USDT-TRY,0.571,4,1,0,,,,,,,,,,,TRUE
DAI-USD,OKX,DAI/USDT,1,USDT-USD,0.571,4,1,0,,,,,,,,,,,TRUE
DAI-USD,Bybit,DAI/USDT,1,USDT-USD,0.429,3,1,0,,,,,,,,,,,TRUE
DAI-USDT,OKX,DAI/USDT,0,,0.571,4,1,0,,,,,,,,,,,TRUE
DAI-USDT,Bybit,DAI/USDT,0,,0.429,3,1,0,,,,,,,,,,,TRUE
DOGE-TRY,OKX,DOGE/TRY,0,,0.4,4,1,0,,,,,,,,,,,TRUE
DOGE-TRY,Binance,DOGE/TRY,0,,0.4,4,1,0,,,,,,,,,,,TRUE
DOGE-TRY,BTCTurk,DOGE/TRY,0,,0.2,2,1,0,,,,,,,,,,,TRUE
DOGE-USDT,OKX,DOGE/USDT,0,,0.25,4,1,0,,,,,,,,,,,TRUE
DOGE-USDT,Coinbase,DOGE/USD,2,USDT-USD,0.188,3,1,0,,,,,,,,,,,TRUE
DOGE-USDT,Binance,DOGE/USDT,0,,0.25,4,1,0,,,,,,,,,,,TRUE
DOGE-USDT,Bitget,DOGE/USDT,0,,0.125,2,1,0,,,,,,,,,,,TRUE
DOGE-USDT,Bybit,DOGE/USDT,0,,0.188,3,1,0,,,,,,,,,,,TRUE
DORA-USDT,OKX,DORA/USDT,0,,0.667,4,1,0,,,,,,,,,,,TRUE
DORA-USDT,Gate,DORA/USDT,0,,0.333,2,1,0,,,,,,,,,,,TRUE
DOT-EUR,OKX,DOT/USDT,1,USDT-EUR,0.333,4,1,0,,,,,,,,,,,TRUE
DOT-EUR,Binance,DOT/USDT,1,USDT-EUR,0.333,4,1,0,,,,,,,,,,,TRUE
DOT-EUR,Gate,DOT/USDT,1,USDT-EUR,0.167,2,1,0,,,,,,,,,,,TRUE
DOT-EUR,Kucoin,DOT/USDT,1,USDT-EUR,0.167,2,1,0,,,,,,,,,,,TRUE
DOT-TRY,OKX,DOT/USDT,1,USDT-TRY,0.571,4,1,0,,,,,,,,,,,TRUE
DOT-TRY,Bybit,DOT/USDT,1,USDT-TRY,0.429,3,1,0,,,,,,,,,,,TRUE
DOT-USDC,Bybit,DOT/USDT,2,USDC-USDT,0.231,3,1,0,,,,,,,,,,,TRUE
DOT-USDC,OKX,DOT/USDT,2,USDC-USDT,0.308,4,1,0,,,,,,,,,,,TRUE
DOT-USDC,Binance,DOT/USDT,2,USDC-USDT,0.308,4,1,0,,,,,,,,,,,TRUE
DOT-USDC,Gate,DOT/USDT,2,USDC-USDT,0.154,2,1,0,,,,,,,,,,,TRUE
EGLD-EUR,Binance,EGLD/EUR,0,,0.444,4,1,0,,,,,,,,,,,TRUE
EGLD-EUR,Bitvavo,EGLD/EUR,0,,0.222,2,1,0,,,,,,,,,,,TRUE
EGLD-EUR,Kraken,EGLD/EUR,0,,0.333,3,1,0,,,,,,,,,,,TRUE
EGLD-USD,OKX,EGLD/USDT,1,USDT-USD,0.25,4,1,0,,,,,,,,,,,TRUE
EGLD-USD,Binance,EGLD/USDT,1,USDT-USD,0.25,4,1,0,,,,,,,,,,,TRUE
EGLD-USD,Crypto,EGLD/USDT,1,USDT-USD,0.188,3,1,0,,,,,,,,,,,TRUE
EGLD-USD,Kucoin,EGLD/USDT,1,USDT-USD,0.125,2,1,0,,,,,,,,,,,TRUE
EGLD-USD,Coinbase,EGLD/USD,0,,0.188,3,1,0,,,,,,,,,,,TRUE
EIGEN-TRY,Binance,EIGEN/TRY,0,,0.667,4,1,0,,,,,,,,,,,TRUE
EIGEN-TRY,BTCTurk,EIGEN/TRY,0,,0.333,2,1,0,,,,,,,,,,,TRUE
ELF-EUR,OKX,ELF/USDT,1,USDT-EUR,0.667,4,1,0,,,,,,,,,,,TRUE
ELF-EUR,Gate,ELF/USDT,1,USDT-EUR,0.333,2,1,0,,,,,,,,,,,TRUE
ELF-USD,OKX,ELF/USDT,1,USDT-USD,0.667,4,1,0,,,,,,,,,,,TRUE
ELF-USD,Gate,ELF/USDT,1,USDT-USD,0.333,2,1,0,,,,,,,,,,,TRUE
ELF-USDC,OKX,ELF/USDT,2,USDC-USDT,0.667,4,1,0,,,,,,,,,,,TRUE
ELF-USDC,Gate,ELF/USDT,2,USDC-USDT,0.333,2,1,0,,,,,,,,,,,TRUE
ELF-USDT,OKX,ELF/USDT,0,,0.667,4,1,0,,,,,,,,,,,TRUE
ELF-USDT,Gate,ELF/USDT,0,,0.333,2,1,0,,,,,,,,,,,TRUE
ENA-TRY,Binance,ENA/TRY,0,,0.667,4,1,0,,,,,,,,,,,TRUE
ENA-TRY,BTCTurk,ENA/TRY,0,,0.333,2,1,0,,,,,,,,,,,TRUE
ENJ-EUR,Bybit,ENJ/USDT,1,USDT-EUR,1.0,3,1,0,,,,,,,,,,,TRUE
ENJ-USD,OKX,ENJ/USDT,1,USDT-USD,0.333,4,1,0,,,,,,,,,,,TRUE
ENJ-USD,Binance,ENJ/USDT,1,USDT-USD,0.333,4,1,0,,,,,,,,,,,TRUE
ENJ-USD,Gate,ENJ/USDT,1,USDT-USD,0.167,2,1,0,,,,,,,,,,,TRUE
ENJ-USD,Kucoin,ENJ/USDT,1,USDT-USD,0.167,2,1,0,,,,,,,,,,,TRUE
ENSO-USDT,Gate,ENSO/USDT,0,,0.2,2,1,0,,,,,,,,,,,TRUE
ENSO-USDT,Binance,ENSO/USDT,0,,0.4,4,1,0,,,,,,,,,,,TRUE
ENSO-USDT,Bitget,ENSO/USDT,0,,0.2,2,1,0,,,,,,,,,,,TRUE
ENSO-USDT,Binance_LINEAR_PERPETUAL,ENSO/USDT,0,,0.2,2,1,0,,,,,,,,,,,TRUE
ESP-USDT,Gate,ESP/USDT,0,,0.2,2,1,0,,,,,,,,,,,TRUE
ESP-USDT,Mxc,ESP/USDT,0,,0.2,2,1,0,,,,,,,,,,,TRUE
ESP-USDT,Binance,ESP/USDT,0,,0.4,4,1,0,,,,,,,,,,,TRUE
ESP-USDT,Kucoin,ESP/USDT,0,,0.2,2,1,0,,,,,,,,,,,TRUE
ETC-USD,OKX,ETC/USDT,1,USDT-USD,0.267,4,1,0,,,,,,,,,,,TRUE
ETC-USD,Gate,ETC/USDT,1,USDT-USD,0.133,2,1,0,,,,,,,,,,,TRUE
ETC-USD,Kucoin,ETC/USDT,1,USDT-USD,0.133,2,1,0,,,,,,,,,,,TRUE
ETC-USD,Coinbase,ETC/USD,0,,0.2,3,1,0,,,,,,,,,,,TRUE
ETC-USD,Binance,ETC/BTC,1,BTC-USD,0.267,4,1,0,,,,,,,,,,,TRUE
ETH-TRY,OKX,ETH/TRY,0,,0.4,4,1,0,,,,,,,,,,,TRUE
ETH-TRY,BTCTurk,ETH/TRY,0,,0.2,2,1,0,,,,,,,,,,,TRUE
ETH-TRY,Binance,ETH/TRY,0,,0.4,4,1,0,,,,,,,,,,,TRUE
ETHFI-TRY,Binance,ETHFI/TRY,0,,0.667,4,1,0,,,,,,,,,,,TRUE
ETHFI-TRY,BTCTurk,ETHFI/TRY,0,,0.333,2,1,0,,,,,,,,,,,TRUE
ETHW-EUR,Bybit,ETHW/USDT,1,USDT-EUR,1.0,3,1,0,,,,,,,,,,,TRUE
ETHW-USD,OKX,ETHW/USDT,1,USDT-USD,0.4,4,1,0,,,,,,,,,,,TRUE
ETHW-USD,Gate,ETHW/USDT,1,USDT-USD,0.2,2,1,0,,,,,,,,,,,TRUE
ETHW-USD,Mxc,ETHW/USDT,1,USDT-USD,0.2,2,1,0,,,,,,,,,,,TRUE
ETHW-USD,Kucoin,ETHW/USDT,1,USDT-USD,0.2,2,1,0,,,,,,,,,,,TRUE
EURC-USD,Kraken,EURC/USDC,1,USDC-USD,0.5,3,1,0,,,,,,,,,,,TRUE
EURC-USD,Coinbase,EURC/USDC,1,USDC-USD,0.5,3,1,0,,,,,,,,,,,TRUE
EWJ-USDT,Pyth,EWJ/USD,2,USDT-USD,0.571,2,1,0,,,,,,,,,,,TRUE
EWJ-USDT,OKX_PERPETUAL,EWJ-USDT/SWAP-SWAP,1,USDT/SWAP-USDT,0.429,2,1,0,,,,,,,,,,,TRUE
EWY-USDT,Pyth,EWY/USD,2,USDT-USD,0.4,2,1,0,,,,,,,,,,,TRUE
EWY-USDT,Hyperliquid_LINEAR_PERPETUAL,EWY/USDC,1,USDC-USDT,0.3,2,1,0,,,,,,,,,,,TRUE
EWY-USDT,OKX_PERPETUAL,EWY-USDT/SWAP-SWAP,1,USDT/SWAP-USDT,0.3,2,1,0,,,,,,,,,,,TRUE
FET-EUR,OKX,FET/EUR,0,,0.444,4,1,0,,,,,,,,,,,TRUE
FET-EUR,Bitvavo,FET/EUR,0,,0.222,2,1,0,,,,,,,,,,,TRUE
FET-EUR,Kraken,FET/EUR,0,,0.333,3,1,0,,,,,,,,,,,TRUE
FET-TRY,Binance,FET/TRY,0,,0.667,4,1,0,,,,,,,,,,,TRUE
FET-TRY,BTCTurk,FET/TRY,0,,0.333,2,1,0,,,,,,,,,,,TRUE
FET-USD,Kucoin,FET/USDT,1,USDT-USD,0.167,2,1,0,,,,,,,,,,,TRUE
FET-USD,Gate,FET/USDT,1,USDT-USD,0.167,2,1,0,,,,,,,,,,,TRUE
FET-USD,OKX,FET/USDT,1,USDT-USD,0.333,4,1,0,,,,,,,,,,,TRUE
FET-USD,Binance,FET/USDT,1,USDT-USD,0.333,4,1,0,,,,,,,,,,,TRUE
FET-USDC,Mxc,FET/USDC,0,,0.143,2,1,0,,,,,,,,,,,TRUE
FET-USDC,Binance,FET/USDC,0,,0.286,4,1,0,,,,,,,,,,,TRUE
FET-USDC,Gate,FET/USDC,0,,0.143,2,1,0,,,,,,,,,,,TRUE
FET-USDC,Bitget,FET/USDC,0,,0.143,2,1,0,,,,,,,,,,,TRUE
FET-USDC,OKX,FET/USDT,2,USDC-USDT,0.286,4,1,0,,,,,,,,,,,TRUE
FET-USDT,Kucoin,FET/USDT,0,,0.133,2,1,0,,,,,,,,,,,TRUE
FET-USDT,Binance,FET/USDT,0,,0.267,4,1,0,,,,,,,,,,,TRUE
FET-USDT,Gate,FET/USDT,0,,0.133,2,1,0,,,,,,,,,,,TRUE
FET-USDT,OKX,FET/USDT,0,,0.267,4,1,0,,,,,,,,,,,TRUE
FET-USDT,Bybit,FET/USDT,0,,0.2,3,1,0,,,,,,,,,,,TRUE
FIL-USDC,Bybit,FIL/USDC,0,,0.429,3,1,0,,,,,,,,,,,TRUE
FIL-USDC,Binance,FIL/USDC,0,,0.571,4,1,0,,,,,,,,,,,TRUE
FLOKI-EUR,Bybit,FLOKI/USDT,1,USDT-EUR,1.0,3,1,0,,,,,,,,,,,TRUE
FLOKI-TRY,Binance,FLOKI/TRY,0,,0.667,4,1,0,,,,,,,,,,,TRUE
FLOKI-TRY,BTCTurk,FLOKI/TRY,0,,0.333,2,1,0,,,,,,,,,,,TRUE
FLOKI-USD,OKX,FLOKI/USDT,1,USDT-USD,0.286,4,1,0,,,,,,,,,,,TRUE
FLOKI-USD,Kucoin,FLOKI/USDT,1,USDT-USD,0.143,2,1,0,,,,,,,,,,,TRUE
FLOKI-USD,Gate,FLOKI/USDT,1,USDT-USD,0.143,2,1,0,,,,,,,,,,,TRUE
FLOKI-USD,Binance,FLOKI/USDT,1,USDT-USD,0.286,4,1,0,,,,,,,,,,,TRUE
FLOKI-USD,Mxc,FLOKI/USDT,1,USDT-USD,0.143,2,1,0,,,,,,,,,,,TRUE
FLOW-EUR,OKX,FLOW/USDT,1,USDT-EUR,0.333,4,1,0,,,,,,,,,,,TRUE
FLOW-EUR,Gate,FLOW/USDT,1,USDT-EUR,0.167,2,1,0,,,,,,,,,,,TRUE
FLOW-EUR,Binance,FLOW/USDT,1,USDT-EUR,0.333,4,1,0,,,,,,,,,,,TRUE
FLOW-EUR,Kucoin,FLOW/USDT,1,USDT-EUR,0.167,2,1,0,,,,,,,,,,,TRUE
FLOW-USD,Coinbase,FLOW/USD,0,,0.188,3,1,0,,,,,,,,,,,TRUE
FLOW-USD,OKX,FLOW/USDT,1,USDT-USD,0.25,4,1,0,,,,,,,,,,,TRUE
FLOW-USD,Gate,FLOW/USDT,1,USDT-USD,0.125,2,1,0,,,,,,,,,,,TRUE
FLOW-USD,Kraken,FLOW/USD,0,,0.188,3,1,0,,,,,,,,,,,TRUE
FLOW-USD,Binance,FLOW/USDT,1,USDT-USD,0.25,4,1,0,,,,,,,,,,,TRUE
FLUID-EUR,Bybit,FLUID/USDT,1,USDT-EUR,0.429,3,1,0,,,,,,,,,,,TRUE
FLUID-EUR,OKX,FLUID/USDT,1,USDT-EUR,0.571,4,1,0,,,,,,,,,,,TRUE
FLUID-USD,OKX,FLUID/USDT,1,USDT-USD,0.571,4,1,0,,,,,,,,,,,TRUE
FLUID-USD,Bybit,FLUID/USDT,1,USDT-USD,0.429,3,1,0,,,,,,,,,,,TRUE
FLUID-USDC,Bybit,FLUID/USDT,2,USDC-USDT,0.429,3,1,0,,,,,,,,,,,TRUE
FLUID-USDC,OKX,FLUID/USDT,2,USDC-USDT,0.571,4,1,0,,,,,,,,,,,TRUE
FLUID-USDT,Bybit,FLUID/USDT,0,,0.429,3,1,0,,,,,,,,,,,TRUE
FLUID-USDT,OKX,FLUID/USDT,0,,0.571,4,1,0,,,,,,,,,,,TRUE
GALA-EUR,Bybit,GALA/USDT,1,USDT-EUR,1.0,3,1,0,,,,,,,,,,,TRUE
GALA-USD,Kraken,GALA/USD,0,,0.231,3,1,0,,,,,,,,,,,TRUE
GALA-USD,OKX,GALA/USDT,1,USDT-USD,0.308,4,1,0,,,,,,,,,,,TRUE
GALA-USD,Binance,GALA/USDT,1,USDT-USD,0.308,4,1,0,,,,,,,,,,,TRUE
GALA-USD,Gate,GALA/USDT,1,USDT-USD,0.154,2,1,0,,,,,,,,,,,TRUE
GALFT-USDT,OKX,GALFT/USDT,0,,1.0,4,1,0,,,,,,,,,,,TRUE
GLM-EUR,Binance,GLM/USDT,1,USDT-EUR,0.667,4,1,0,,,,,,,,,,,TRUE
GLM-EUR,Gate,GLM/USDT,1,USDT-EUR,0.333,2,1,0,,,,,,,,,,,TRUE
GLM-USD,Binance,GLM/USDT,1,USDT-USD,0.667,4,1,0,,,,,,,,,,,TRUE
GLM-USD,Gate,GLM/USDT,1,USDT-USD,0.333,2,1,0,,,,,,,,,,,TRUE
GLM-USDC,Gate,GLM/USDT,2,USDC-USDT,0.333,2,1,0,,,,,,,,,,,TRUE
GLM-USDC,Binance,GLM/USDT,2,USDC-USDT,0.667,4,1,0,,,,,,,,,,,TRUE
GLM-USDT,Binance,GLM/USDT,0,,0.667,4,1,0,,,,,,,,,,,TRUE
GLM-USDT,Gate,GLM/USDT,0,,0.333,2,1,0,,,,,,,,,,,TRUE
GMT-USD,Binance,GMT/USDT,1,USDT-USD,0.4,4,1,0,,,,,,,,,,,TRUE
GMT-USD,Gate,GMT/USDT,1,USDT-USD,0.2,2,1,0,,,,,,,,,,,TRUE
GMT-USD,OKX,GMT/USDT,1,USDT-USD,0.4,4,1,0,,,,,,,,,,,TRUE
GOAT-EUR,Gate,GOAT/USDT,1,USDT-EUR,1.0,2,1,0,,,,,,,,,,,TRUE
GOAT-USD,Gate,GOAT/USDT,1,USDT-USD,0.333,2,1,0,,,,,,,,,,,TRUE
GOAT-USD,Bitget,GOAT/USDT,1,USDT-USD,0.333,2,1,0,,,,,,,,,,,TRUE
GOAT-USD,Bitmart,GOAT/USDT,1,USDT-USD,0.333,2,1,0,,,,,,,,,,,TRUE
GODS-USD,Kucoin,GODS/USDT,1,USDT-USD,0.182,2,1,0,,,,,,,,,,,TRUE
GODS-USD,OKX,GODS/USDT,1,USDT-USD,0.364,4,1,0,,,,,,,,,,,TRUE
GODS-USD,Mxc,GODS/USDT,1,USDT-USD,0.182,2,1,0,,,,,,,,,,,TRUE
GODS-USD,Coinbase,GODS/USD,0,,0.273,3,1,0,,,,,,,,,,,TRUE
GOOGL-USDT,Ondo_TICKER,GOOGL/USD,2,USDT-USD,0.25,2,1,0,,,,,,,,,,,TRUE
GOOGL-USDT,Pyth,GOOGL/USD,2,USDT-USD,0.25,2,1,0,,,,,,,,,,,TRUE
GOOGL-USDT,Bitmart,GOOGLX/USDT,0,,0.1,2,1,0,,,,,,,,,,,TRUE
GOOGL-USDT,Gate_LINEAR_PERPETUAL,GOOGLX/USDT,0,,0.2,2,1,0,,,,,,,,,,,TRUE
GOOGL-USDT,OKX_PERPETUAL,GOOGL-USDT/SWAP-SWAP,1,USDT/SWAP-USDT,0.2,2,1,0,,,,,,,,,,,TRUE
GRT-EUR,Bitvavo,GRT/EUR,0,,0.25,2,1,0,,,,,,,,,,,TRUE
GRT-EUR,Coinbase,GRT/EUR,0,,0.375,3,1,0,,,,,,,,,,,TRUE
GRT-EUR,Kraken,GRT/EUR,0,,0.375,3,1,0,,,,,,,,,,,TRUE
GRT-USD,OKX,GRT/USDT,1,USDT-USD,0.308,4,1,0,,,,,,,,,,,TRUE
GRT-USD,Binance,GRT/USDT,1,USDT-USD,0.308,4,1,0,,,,,,,,,,,TRUE
GRT-USD,Coinbase,GRT/USD,0,,0.231,3,1,0,,,,,,,,,,,TRUE
GRT-USD,Kucoin,GRT/USDT,1,USDT-USD,0.154,2,1,0,,,,,,,,,,,TRUE
HBAR-EUR,Bitstamp,HBAR/EUR,0,,0.5,2,1,0,,,,,,,,,,,TRUE
HBAR-EUR,Bitvavo,HBAR/EUR,0,,0.5,2,1,0,,,,,,,,,,,TRUE
HBAR-USD,Coinbase,HBAR/USD,0,,0.2,3,1,0,,,,,,,,,,,TRUE
HBAR-USD,OKX,HBAR/USDT,1,USDT-USD,0.267,4,1,0,,,,,,,,,,,TRUE
HBAR-USD,Kucoin,HBAR/USDT,1,USDT-USD,0.133,2,1,0,,,,,,,,,,,TRUE
HBAR-USD,Gate,HBAR/USDT,1,USDT-USD,0.133,2,1,0,,,,,,,,,,,TRUE
HBAR-USD,Binance,HBAR/USDT,1,USDT-USD,0.267,4,1,0,,,,,,,,,,,TRUE
HOOD-USDT,Ondo_TICKER,HOOD/USD,2,USDT-USD,0.2,2,1,0,,,,,,,,,,,TRUE
HOOD-USDT,Pyth,HOOD/USD,2,USDT-USD,0.2,2,1,0,,,,,,,,,,,TRUE
HOOD-USDT,Binance_LINEAR_INDEX,HOOD/USDT,0,,0.2,2,1,0,,,,,,,,,,,TRUE
HOOD-USDT,Bitmart,HOODX/USDT,0,,0.1,2,1,0,,,,,,,,,,,TRUE
HOOD-USDT,Binance_LINEAR_PERPETUAL,HOOD/USDT,0,,0.15,2,1,0,,,,,,,,,,,TRUE
HOOD-USDT,OKX_PERPETUAL,HOOD-USDT/SWAP-SWAP,1,USDT/SWAP-USDT,0.15,2,1,0,,,,,,,,,,,TRUE
HYPE-TRY,Bitget,HYPE/USDT,1,USDT-TRY,0.167,2,1,0,,,,,,,,,,,TRUE
HYPE-TRY,OKX,HYPE/USDT,1,USDT-TRY,0.333,4,1,0,,,,,,,,,,,TRUE
HYPE-TRY,Gate,HYPE/USDT,1,USDT-TRY,0.167,2,1,0,,,,,,,,,,,TRUE
HYPE-TRY,Kucoin,HYPE/USDT,1,USDT-TRY,0.167,2,1,0,,,,,,,,,,,TRUE
HYPE-TRY,Hyperliquid,HYPE/USDC,1,USDC-TRY,0.167,2,1,0,,,,,,,,,,,TRUE
HYPE-USD,Kucoin,HYPE/USDT,1,USDT-USD,0.167,2,1,0,,,,,,,,,,,TRUE
HYPE-USD,Hyperliquid,HYPE/USDC,1,USDC-USD,0.167,2,1,0,,,,,,,,,,,TRUE
HYPE-USD,OKX,HYPE/USDT,1,USDT-USD,0.333,4,1,0,,,,,,,,,,,TRUE
HYPE-USD,Bitget,HYPE/USDT,1,USDT-USD,0.167,2,1,0,,,,,,,,,,,TRUE
HYPE-USD,Gate,HYPE/USDT,1,USDT-USD,0.167,2,1,0,,,,,,,,,,,TRUE
HYPE-USDT,Bitget,HYPE/USDT,0,,0.167,2,1,0,,,,,,,,,,,TRUE
HYPE-USDT,Gate,HYPE/USDT,0,,0.167,2,1,0,,,,,,,,,,,TRUE
HYPE-USDT,OKX,HYPE/USDT,0,,0.333,4,1,0,,,,,,,,,,,TRUE
HYPE-USDT,Kucoin,HYPE/USDT,0,,0.167,2,1,0,,,,,,,,,,,TRUE
HYPE-USDT,Hyperliquid,HYPE/USDC,1,USDC-USDT,0.167,2,1,0,,,,,,,,,,,TRUE
ICP-EUR,Coinbase,ICP/EUR,0,,0.188,3,1,0,,,,,,,,,,,TRUE
ICP-EUR,Bitvavo,ICP/EUR,0,,0.125,2,1,0,,,,,,,,,,,TRUE
ICP-EUR,OKX,ICP/EUR,0,,0.25,4,1,0,,,,,,,,,,,TRUE
ICP-EUR,Binance,ICP/EUR,0,,0.25,4,1,0,,,,,,,,,,,TRUE
ICP-EUR,Kraken,ICP/EUR,0,,0.188,3,1,0,,,,,,,,,,,TRUE
ICP-USD,Binance,ICP/USDT,1,USDT-USD,0.267,4,1,0,,,,,,,,,,,TRUE
ICP-USD,Gate,ICP/USDT,1,USDT-USD,0.133,2,1,0,,,,,,,,,,,TRUE
ICP-USD,Kucoin,ICP/USDT,1,USDT-USD,0.133,2,1,0,,,,,,,,,,,TRUE
ICP-USD,Coinbase,ICP/USD,0,,0.2,3,1,0,,,,,,,,,,,TRUE
ICP-USD,OKX,ICP/USDT,1,USDT-USD,0.267,4,1,0,,,,,,,,,,,TRUE
ICX-EUR,Bybit,ICX/USDT,1,USDT-EUR,1.0,3,1,0,,,,,,,,,,,TRUE
ICX-USD,Kucoin,ICX/USDT,1,USDT-USD,0.25,2,1,0,,,,,,,,,,,TRUE
ICX-USD,Gate,ICX/USDT,1,USDT-USD,0.25,2,1,0,,,,,,,,,,,TRUE
ICX-USD,Binance,ICX/USDT,1,USDT-USD,0.5,4,1,0,,,,,,,,,,,TRUE
ID-EUR,Mxc,ID/USDT,1,USDT-EUR,0.4,2,1,0,,,,,,,,,,,TRUE
ID-EUR,Bybit,ID/USDT,1,USDT-EUR,0.6,3,1,0,,,,,,,,,,,TRUE
ID-USD,Gate,ID/USDT,1,USDT-USD,0.167,2,1,0,,,,,,,,,,,TRUE
ID-USD,OKX,ID/USDT,1,USDT-USD,0.333,4,1,0,,,,,,,,,,,TRUE
ID-USD,Binance,ID/USDT,1,USDT-USD,0.333,4,1,0,,,,,,,,,,,TRUE
ID-USD,Mxc,ID/USDT,1,USDT-USD,0.167,2,1,0,,,,,,,,,,,TRUE
IMX-EUR,Bitvavo,IMX/EUR,0,,0.4,2,1,0,,,,,,,,,,,TRUE
IMX-EUR,Kraken,IMX/EUR,0,,0.6,3,1,0,,,,,,,,,,,TRUE
INJ-EUR,OKX,INJ/EUR,0,,0.444,4,1,0,,,,,,,,,,,TRUE
INJ-EUR,Kraken,INJ/EUR,0,,0.333,3,1,0,,,,,,,,,,,TRUE
INJ-EUR,Bitvavo,INJ/EUR,0,,0.222,2,1,0,,,,,,,,,,,TRUE
INJ-USD,Gate,INJ/USDT,1,USDT-USD,0.167,2,1,0,,,,,,,,,,,TRUE
INJ-USD,OKX,INJ/USDT,1,USDT-USD,0.333,4,1,0,,,,,,,,,,,TRUE
INJ-USD,Binance,INJ/USDT,1,USDT-USD,0.333,4,1,0,,,,,,,,,,,TRUE
INJ-USD,Kucoin,INJ/USDT,1,USDT-USD,0.167,2,1,0,,,,,,,,,,,TRUE
INJ-USDC,Bitget,INJ/USDC,0,,0.167,2,1,0,,,,,,,,,,,TRUE
INJ-USDC,OKX,INJ/USDT,2,USDC-USDT,0.333,4,1,0,,,,,,,,,,,TRUE
INJ-USDC,Binance,INJ/USDC,0,,0.333,4,1,0,,,,,,,,,,,TRUE
INJ-USDC,Gate,INJ/USDC,0,,0.167,2,1,0,,,,,,,,,,,TRUE
INTC-USDT,Binance_LINEAR_PERPETUAL,INTC/USDT,0,,0.2,2,1,0,,,,,,,,,,,TRUE
INTC-USDT,OKX_PERPETUAL,INTC-USDT/SWAP-SWAP,1,USDT/SWAP-USDT,0.2,2,1,0,,,,,,,,,,,TRUE
INTC-USDT,Ondo_TICKER,INTC/USD,2,USDT-USD,0.2,2,1,0,,,,,,,,,,,TRUE
INTC-USDT,Pyth,INTC/USD,2,USDT-USD,0.2,2,1,0,,,,,,,,,,,TRUE
INTC-USDT,Binance_LINEAR_INDEX,INTC/USDT,0,,0.2,2,1,0,,,,,,,,,,,TRUE
IOTA-EUR,Gate,IOTA/USDT,1,USDT-EUR,1.0,2,1,0,,,,,,,,,,,TRUE
J-USDT,Bitget,J/USDT,0,,0.333,2,1,0,,,,,,,,,,,TRUE
J-USDT,OKX,J/USDT,0,,0.667,4,1,0,,,,,,,,,,,TRUE
JITOSOL-USDT,OKX_DEX,JITOSOL/USD,2,USDT-USD,0.222,2,1,0,,,,,,,,,,,TRUE
JITOSOL-USDT,OKX,JITOSOL/USDT,0,,0.444,4,1,0,,,,,,,,,,,TRUE
JITOSOL-USDT,Kraken,JITOSOL/USD,2,USDT-USD,0.333,3,1,0,,,,,,,,,,,TRUE
JOE-EUR,Mxc,JOE/USDT,1,USDT-EUR,1.0,2,1,0,,,,,,,,,,,TRUE
JTO-EUR,Bitvavo,JTO/EUR,0,,1.0,2,1,0,,,,,,,,,,,TRUE
JTO-USD,Gate,JTO/USDT,1,USDT-USD,0.167,2,1,0,,,,,,,,,,,TRUE
JTO-USD,OKX,JTO/USDT,1,USDT-USD,0.333,4,1,0,,,,,,,,,,,TRUE
JTO-USD,Kucoin,JTO/USDT,1,USDT-USD,0.167,2,1,0,,,,,,,,,,,TRUE
JTO-USD,Binance,JTO/USDT,1,USDT-USD,0.333,4,1,0,,,,,,,,,,,TRUE
KAT-TRY,OKX,KAT/USDT,1,USDT-TRY,0.286,4,1,0,,,,,,,,,,,TRUE
KAT-TRY,Kucoin,KAT/USDT,1,USDT-TRY,0.143,2,1,0,,,,,,,,,,,TRUE
KAT-TRY,Mxc,KAT/USDT,1,USDT-TRY,0.143,2,1,0,,,,,,,,,,,TRUE
KAT-TRY,Bitget,KAT/USDT,1,USDT-TRY,0.143,2,1,0,,,,,,,,,,,TRUE
KAT-TRY,Binance,KAT/USDT,1,USDT-TRY,0.286,4,1,0,,,,,,,,,,,TRUE
KMNO-USDT,Binance,KMNO/USDT,0,,0.308,4,1,0,,,,,,,,,,,TRUE
KMNO-USDT,OKX,KMNO/USDT,0,,0.308,4,1,0,,,,,,,,,,,TRUE
KMNO-USDT,Bybit,KMNO/USDT,0,,0.231,3,1,0,,,,,,,,,,,TRUE
KMNO-USDT,Bitget,KMNO/USDT,0,,0.154,2,1,0,,,,,,,,,,,TRUE
KNC-EUR,Mxc,KNC/USDT,1,USDT-EUR,1.0,2,1,0,,,,,,,,,,,TRUE
KNC-USDT,OKX,KNC/USDT,0,,0.333,4,1,0,,,,,,,,,,,TRUE
KNC-USDT,Mxc,KNC/USDT,0,,0.167,2,1,0,,,,,,,,,,,TRUE
KNC-USDT,Gate,KNC/USDT,0,,0.167,2,1,0,,,,,,,,,,,TRUE
KNC-USDT,Binance,KNC/USDT,0,,0.333,4,1,0,,,,,,,,,,,TRUE
KSM-USD,Kucoin,KSM/USDT,1,USDT-USD,0.167,2,1,0,,,,,,,,,,,TRUE
KSM-USD,Kraken,KSM/USD,0,,0.25,3,1,0,,,,,,,,,,,TRUE
KSM-USD,Coinbase,KSM/USD,0,,0.25,3,1,0,,,,,,,,,,,TRUE
KSM-USD,OKX,KSM/USDT,1,USDT-USD,0.333,4,1,0,,,,,,,,,,,TRUE
LA-USDT,Bitget,LA/USDT,0,,0.182,2,1,0,,,,,,,,,,,TRUE
LA-USDT,Binance_LINEAR_PERPETUAL,LA/USDT,0,,0.182,2,1,0,,,,,,,,,,,TRUE
LA-USDT,Gate,LA/USDT,0,,0.182,2,1,0,,,,,,,,,,,TRUE
LA-USDT,Mxc,LA/USDT,0,,0.182,2,1,0,,,,,,,,,,,TRUE
LA-USDT,Bybit,LA/USDT,0,,0.273,3,1,0,,,,,,,,,,,TRUE
LAYER-EUR,OKX,LAYER/USDT,1,USDT-EUR,1.0,4,1,0,,,,,,,,,,,TRUE
LAYER-TRY,OKX,LAYER/USDT,1,USDT-TRY,0.267,4,1,0,,,,,,,,,,,TRUE
LAYER-TRY,Binance,LAYER/USDT,1,USDT-TRY,0.267,4,1,0,,,,,,,,,,,TRUE
LAYER-TRY,Bybit,LAYER/USDT,1,USDT-TRY,0.2,3,1,0,,,,,,,,,,,TRUE
LAYER-TRY,Gate,LAYER/USDT,1,USDT-TRY,0.133,2,1,0,,,,,,,,,,,TRUE
LAYER-TRY,Bitget,LAYER/USDT,1,USDT-TRY,0.133,2,1,0,,,,,,,,,,,TRUE
LAYER-USDT,Bitget,LAYER/USDT,0,,0.133,2,1,0,,,,,,,,,,,TRUE
LAYER-USDT,OKX,LAYER/USDT,0,,0.267,4,1,0,,,,,,,,,,,TRUE
LAYER-USDT,Binance,LAYER/USDT,0,,0.267,4,1,0,,,,,,,,,,,TRUE
LAYER-USDT,Bybit,LAYER/USDT,0,,0.2,3,1,0,,,,,,,,,,,TRUE
LAYER-USDT,Gate,LAYER/USDT,0,,0.133,2,1,0,,,,,,,,,,,TRUE
LDO-EUR,Kraken,LDO/EUR,0,,1.0,3,1,0,,,,,,,,,,,TRUE
LEO-EUR,Gate,LEO/USDT,1,USDT-EUR,0.333,2,1,0,,,,,,,,,,,TRUE
LEO-EUR,OKX,LEO/USDT,1,USDT-EUR,0.667,4,1,0,,,,,,,,,,,TRUE
LEO-USD,Gate,LEO/USDT,1,USDT-USD,0.333,2,1,0,,,,,,,,,,,TRUE
LEO-USD,OKX,LEO/USDT,1,USDT-USD,0.667,4,1,0,,,,,,,,,,,TRUE
LEO-USDC,Gate,LEO/USDT,2,USDC-USDT,0.333,2,1,0,,,,,,,,,,,TRUE
LEO-USDC,OKX,LEO/USDT,2,USDC-USDT,0.667,4,1,0,,,,,,,,,,,TRUE
LEO-USDT,Gate,LEO/USDT,0,,0.333,2,1,0,,,,,,,,,,,TRUE
LEO-USDT,OKX,LEO/USDT,0,,0.667,4,1,0,,,,,,,,,,,TRUE
LINEA-TRY,Binance,LINEA/TRY,0,,0.4,4,1,0,,,,,,,,,,,TRUE
LINEA-TRY,BTCTurk,LINEA/TRY,0,,0.2,2,1,0,,,,,,,,,,,TRUE
LINEA-TRY,OKX,LINEA/TRY,0,,0.4,4,1,0,,,,,,,,,,,TRUE
LINK-EUR,Binance,LINK/EUR,0,,0.211,4,1,0,,,,,,,,,,,TRUE
LINK-EUR,Bitstamp,LINK/EUR,0,,0.105,2,1,0,,,,,,,,,,,TRUE
LINK-EUR,Kraken,LINK/EUR,0,,0.158,3,1,0,,,,,,,,,,,TRUE
LINK-EUR,Bybit,LINK/EUR,0,,0.158,3,1,0,,,,,,,,,,,TRUE
LINK-EUR,Coinbase,LINK/EUR,0,,0.158,3,1,0,,,,,,,,,,,TRUE
LINK-EUR,OKX,LINK/EUR,0,,0.211,4,1,0,,,,,,,,,,,TRUE
LINK-USDC,OKX,LINK/USDT,2,USDC-USDT,0.308,4,1,0,,,,,,,,,,,TRUE
LINK-USDC,Bybit,LINK/USDT,2,USDC-USDT,0.231,3,1,0,,,,,,,,,,,TRUE
LINK-USDC,Binance,LINK/USDT,2,USDC-USDT,0.308,4,1,0,,,,,,,,,,,TRUE
LINK-USDC,Kucoin,LINK/USDT,2,USDC-USDT,0.154,2,1,0,,,,,,,,,,,TRUE
LPT-EUR,Bitget,LPT/USDT,1,USDT-EUR,1.0,2,1,0,,,,,,,,,,,TRUE
LRC-EUR,Bybit,LRC/USDT,1,USDT-EUR,1.0,3,1,0,,,,,,,,,,,TRUE
LRC-USD,Kucoin,LRC/USDT,1,USDT-USD,0.222,2,1,0,,,,,,,,,,,TRUE
LRC-USD,OKX,LRC/USDT,1,USDT-USD,0.444,4,1,0,,,,,,,,,,,TRUE
LRC-USD,Coinbase,LRC/USD,0,,0.333,3,1,0,,,,,,,,,,,TRUE
LRC-USDC,Kucoin,LRC/USDT,2,USDC-USDT,0.182,2,1,0,,,,,,,,,,,TRUE
LRC-USDC,OKX,LRC/USDT,2,USDC-USDT,0.364,4,1,0,,,,,,,,,,,TRUE
LRC-USDC,Bybit,LRC/USDT,2,USDC-USDT,0.273,3,1,0,,,,,,,,,,,TRUE
LRC-USDC,Gate,LRC/USDT,2,USDC-USDT,0.182,2,1,0,,,,,,,,,,,TRUE
LRC-USDT,Kucoin,LRC/USDT,0,,0.182,2,1,0,,,,,,,,,,,TRUE
LRC-USDT,Bybit,LRC/USDT,0,,0.273,3,1,0,,,,,,,,,,,TRUE
LRC-USDT,OKX,LRC/USDT,0,,0.364,4,1,0,,,,,,,,,,,TRUE
LRC-USDT,Gate,LRC/USDT,0,,0.182,2,1,0,,,,,,,,,,,TRUE
LSK-EUR,Bitget,LSK/USDT,1,USDT-EUR,1.0,2,1,0,,,,,,,,,,,TRUE
LTC-USD,Bitstamp,LTC/USD,0,,0.167,2,1,0,,,,,,,,,,,TRUE
LTC-USD,Coinbase,LTC/USD,0,,0.25,3,1,0,,,,,,,,,,,TRUE
LTC-USD,Binance,LTC/USDT,1,USDT-USD,0.333,4,1,0,,,,,,,,,,,TRUE
LTC-USD,Kraken,LTC/USD,0,,0.25,3,1,0,,,,,,,,,,,TRUE
LUNA-EUR,OKX,LUNA/USDT,1,USDT-EUR,0.364,4,1,0,,,,,,,,,,,TRUE
LUNA-EUR,Gate,LUNA/USDT,1,USDT-EUR,0.182,2,1,0,,,,,,,,,,,TRUE
LUNA-EUR,Kucoin,LUNA/USDT,1,USDT-EUR,0.182,2,1,0,,,,,,,,,,,TRUE
LUNA-EUR,Bybit,LUNA/USDT,1,USDT-EUR,0.273,3,1,0,,,,,,,,,,,TRUE
LUNA-TRY,Binance,LUNA/TRY,0,,0.667,4,1,0,,,,,,,,,,,TRUE
LUNA-TRY,BTCTurk,LUNA/TRY,0,,0.333,2,1,0,,,,,,,,,,,TRUE
LUNA-USD,Bybit,LUNA/USDT,1,USDT-USD,0.273,3,1,0,,,,,,,,,,,TRUE
LUNA-USD,OKX,LUNA/USDT,1,USDT-USD,0.364,4,1,0,,,,,,,,,,,TRUE
LUNA-USD,Kucoin,LUNA/USDT,1,USDT-USD,0.182,2,1,0,,,,,,,,,,,TRUE
LUNA-USD,Gate,LUNA/USDT,1,USDT-USD,0.182,2,1,0,,,,,,,,,,,TRUE
LUNA-USDC,Gate,LUNA/USDT,2,USDC-USDT,0.182,2,1,0,,,,,,,,,,,TRUE
LUNA-USDC,Kucoin,LUNA/USDT,2,USDC-USDT,0.182,2,1,0,,,,,,,,,,,TRUE
LUNA-USDC,OKX,LUNA/USDT,2,USDC-USDT,0.364,4,1,0,,,,,,,,,,,TRUE
LUNA-USDC,Bybit,LUNA/USDT,2,USDC-USDT,0.273,3,1,0,,,,,,,,,,,TRUE
LUNA-USDT,Bybit,LUNA/USDT,0,,0.273,3,1,0,,,,,,,,,,,TRUE
LUNA-USDT,OKX,LUNA/USDT,0,,0.364,4,1,0,,,,,,,,,,,TRUE
LUNA-USDT,Gate,LUNA/USDT,0,,0.182,2,1,0,,,,,,,,,,,TRUE
LUNA-USDT,Kucoin,LUNA/USDT,0,,0.182,2,1,0,,,,,,,,,,,TRUE
MAGIC-EUR,Mxc,MAGIC/USDT,1,USDT-EUR,1.0,2,1,0,,,,,,,,,,,TRUE
MAGIC-TRY,Gate,MAGIC/USDT,1,USDT-TRY,0.167,2,1,0,,,,,,,,,,,TRUE
MAGIC-TRY,OKX,MAGIC/USDT,1,USDT-TRY,0.333,4,1,0,,,,,,,,,,,TRUE
MAGIC-TRY,Binance,MAGIC/USDT,1,USDT-TRY,0.333,4,1,0,,,,,,,,,,,TRUE
MAGIC-TRY,Kucoin,MAGIC/USDT,1,USDT-TRY,0.167,2,1,0,,,,,,,,,,,TRUE
MAGIC-USD,Gate,MAGIC/USDT,1,USDT-USD,0.133,2,1,0,,,,,,,,,,,TRUE
MAGIC-USD,OKX,MAGIC/USDT,1,USDT-USD,0.267,4,1,0,,,,,,,,,,,TRUE
MAGIC-USD,Binance,MAGIC/USDT,1,USDT-USD,0.267,4,1,0,,,,,,,,,,,TRUE
MAGIC-USD,Kucoin,MAGIC/USDT,1,USDT-USD,0.133,2,1,0,,,,,,,,,,,TRUE
MAGIC-USD,Coinbase,MAGIC/USD,0,,0.2,3,1,0,,,,,,,,,,,TRUE
MAJOR-USD,OKX,MAJOR/USDT,1,USDT-USD,0.308,4,1,0,,,,,,,,,,,TRUE
MAJOR-USD,Kucoin,MAJOR/USDT,1,USDT-USD,0.154,2,1,0,,,,,,,,,,,TRUE
MAJOR-USD,Mxc,MAJOR/USDT,1,USDT-USD,0.154,2,1,0,,,,,,,,,,,TRUE
MAJOR-USD,Gate,MAJOR/USDT,1,USDT-USD,0.154,2,1,0,,,,,,,,,,,TRUE
MAJOR-USD,Bybit,MAJOR/USDT,1,USDT-USD,0.231,3,1,0,,,,,,,,,,,TRUE
MAJOR-USDT,Bybit,MAJOR/USDT,0,,0.231,3,1,0,,,,,,,,,,,TRUE
MAJOR-USDT,OKX,MAJOR/USDT,0,,0.308,4,1,0,,,,,,,,,,,TRUE
MAJOR-USDT,Kucoin,MAJOR/USDT,0,,0.154,2,1,0,,,,,,,,,,,TRUE
MAJOR-USDT,Mxc,MAJOR/USDT,0,,0.154,2,1,0,,,,,,,,,,,TRUE
MAJOR-USDT,Gate,MAJOR/USDT,0,,0.154,2,1,0,,,,,,,,,,,TRUE
MANA-EUR,Bitvavo,MANA/EUR,0,,0.4,2,1,0,,,,,,,,,,,TRUE
MANA-EUR,Kraken,MANA/EUR,0,,0.6,3,1,0,,,,,,,,,,,TRUE
MANA-USD,Kucoin,MANA/USDT,1,USDT-USD,0.125,2,1,0,,,,,,,,,,,TRUE
MANA-USD,Coinbase,MANA/USD,0,,0.188,3,1,0,,,,,,,,,,,TRUE
MANA-USD,OKX,MANA/USDT,1,USDT-USD,0.25,4,1,0,,,,,,,,,,,TRUE
MANA-USD,Kraken,MANA/USD,0,,0.188,3,1,0,,,,,,,,,,,TRUE
MANA-USD,Binance,MANA/USDT,1,USDT-USD,0.25,4,1,0,,,,,,,,,,,TRUE
MASK-EUR,Bybit,MASK/USDT,1,USDT-EUR,1.0,3,1,0,,,,,,,,,,,TRUE
MASK-USD,Binance,MASK/USDT,1,USDT-USD,0.308,4,1,0,,,,,,,,,,,TRUE
MASK-USD,OKX,MASK/USDT,1,USDT-USD,0.308,4,1,0,,,,,,,,,,,TRUE
MASK-USD,Gate,MASK/USDT,1,USDT-USD,0.154,2,1,0,,,,,,,,,,,TRUE
MASK-USD,Coinbase,MASK/USD,0,,0.231,3,1,0,,,,,,,,,,,TRUE
ME-EUR,Binance,ME/USDT,1,USDT-EUR,1.0,4,1,0,,,,,,,,,,,TRUE
ME-USD,OKX,ME/USDT,1,USDT-USD,0.364,4,1,0,,,,,,,,,,,TRUE
ME-USD,Mxc,ME/USDT,1,USDT-USD,0.182,2,1,0,,,,,,,,,,,TRUE
ME-USD,Gate,ME/USDT,1,USDT-USD,0.182,2,1,0,,,,,,,,,,,TRUE
ME-USD,Bybit,ME/USDT,1,USDT-USD,0.273,3,1,0,,,,,,,,,,,TRUE
MENGO-EUR,Gate,MENGO/USDT,1,USDT-EUR,0.333,2,1,0,,,,,,,,,,,TRUE
MENGO-EUR,OKX,MENGO/USDT,1,USDT-EUR,0.667,4,1,0,,,,,,,,,,,TRUE
MENGO-USD,Gate,MENGO/USDT,1,USDT-USD,0.333,2,1,0,,,,,,,,,,,TRUE
MENGO-USD,OKX,MENGO/USDT,1,USDT-USD,0.667,4,1,0,,,,,,,,,,,TRUE
MENGO-USDC,OKX,MENGO/USDT,2,USDC-USDT,0.667,4,1,0,,,,,,,,,,,TRUE
MENGO-USDC,Gate,MENGO/USDT,2,USDC-USDT,0.333,2,1,0,,,,,,,,,,,TRUE
MENGO-USDT,Gate,MENGO/USDT,0,,0.333,2,1,0,,,,,,,,,,,TRUE
MENGO-USDT,OKX,MENGO/USDT,0,,0.667,4,1,0,,,,,,,,,,,TRUE
MERL-EUR,Mxc,MERL/USDT,1,USDT-EUR,0.5,2,1,0,,,,,,,,,,,TRUE
MERL-EUR,Gate,MERL/USDT,1,USDT-EUR,0.5,2,1,0,,,,,,,,,,,TRUE
MERL-TRY,OKX,MERL/USDT,1,USDT-TRY,0.5,4,1,0,,,,,,,,,,,TRUE
MERL-TRY,Mxc,MERL/USDT,1,USDT-TRY,0.25,2,1,0,,,,,,,,,,,TRUE
MERL-TRY,Gate,MERL/USDT,1,USDT-TRY,0.25,2,1,0,,,,,,,,,,,TRUE
MERL-USD,Gate,MERL/USDT,1,USDT-USD,0.25,2,1,0,,,,,,,,,,,TRUE
MERL-USD,Mxc,MERL/USDT,1,USDT-USD,0.25,2,1,0,,,,,,,,,,,TRUE
MERL-USD,OKX,MERL/USDT,1,USDT-USD,0.5,4,1,0,,,,,,,,,,,TRUE
MERL-USDC,Mxc,MERL/USDT,2,USDC-USDT,0.25,2,1,0,,,,,,,,,,,TRUE
MERL-USDC,OKX,MERL/USDT,2,USDC-USDT,0.5,4,1,0,,,,,,,,,,,TRUE
MERL-USDC,Gate,MERL/USDT,2,USDC-USDT,0.25,2,1,0,,,,,,,,,,,TRUE
MERL-USDT,Gate,MERL/USDT,0,,0.25,2,1,0,,,,,,,,,,,TRUE
MERL-USDT,OKX,MERL/USDT,0,,0.5,4,1,0,,,,,,,,,,,TRUE
MERL-USDT,Mxc,MERL/USDT,0,,0.25,2,1,0,,,,,,,,,,,TRUE
MET-USD,Bitget,MET/USDT,1,USDT-USD,0.182,2,1,0,,,,,,,,,,,TRUE
MET-USD,Bybit,MET/USDT,1,USDT-USD,0.273,3,1,0,,,,,,,,,,,TRUE
MET-USD,Mxc,MET/USDT,1,USDT-USD,0.182,2,1,0,,,,,,,,,,,TRUE
MET-USD,OKX,MET/USDT,1,USDT-USD,0.364,4,1,0,,,,,,,,,,,TRUE
MET-USDT,Mxc,MET/USDT,0,,0.182,2,1,0,,,,,,,,,,,TRUE
MET-USDT,OKX,MET/USDT,0,,0.364,4,1,0,,,,,,,,,,,TRUE
MET-USDT,Bitget,MET/USDT,0,,0.182,2,1,0,,,,,,,,,,,TRUE
MET-USDT,Bybit,MET/USDT,0,,0.273,3,1,0,,,,,,,,,,,TRUE
META-USDT,Bitmart,METAX/USDT,0,,0.1,2,1,0,,,,,,,,,,,TRUE
META-USDT,Gate_LINEAR_PERPETUAL,METAX/USDT,0,,0.2,2,1,0,,,,,,,,,,,TRUE
META-USDT,OKX_PERPETUAL,META-USDT/SWAP-SWAP,1,USDT/SWAP-USDT,0.2,2,1,0,,,,,,,,,,,TRUE
META-USDT,Ondo_TICKER,META/USD,2,USDT-USD,0.25,2,1,0,,,,,,,,,,,TRUE
META-USDT,Pyth,META/USD,2,USDT-USD,0.25,2,1,0,,,,,,,,,,,TRUE
METIS-EUR,Binance,METIS/USDT,1,USDT-EUR,1.0,4,1,0,,,,,,,,,,,TRUE
MEW-EUR,Bybit,MEW/USDT,1,USDT-EUR,1.0,3,1,0,,,,,,,,,,,TRUE
MEW-USD,Bitget,MEW/USDT,1,USDT-USD,0.2,2,1,0,,,,,,,,,,,TRUE
MEW-USD,Kucoin,MEW/USDT,1,USDT-USD,0.2,2,1,0,,,,,,,,,,,TRUE
MEW-USD,OKX,MEW/USDT,1,USDT-USD,0.4,4,1,0,,,,,,,,,,,TRUE
MEW-USD,Gate,MEW/USDT,1,USDT-USD,0.2,2,1,0,,,,,,,,,,,TRUE
MINA-USD,Coinbase,MINA/USD,0,,0.214,3,1,0,,,,,,,,,,,TRUE
MINA-USD,Binance,MINA/USDT,1,USDT-USD,0.286,4,1,0,,,,,,,,,,,TRUE
MINA-USD,OKX,MINA/USDT,1,USDT-USD,0.286,4,1,0,,,,,,,,,,,TRUE
MINA-USD,Kraken,MINA/USD,0,,0.214,3,1,0,,,,,,,,,,,TRUE
MON-EUR,Bybit,MON/USDT,1,USDT-EUR,0.375,3,1,0,,,,,,,,,,,TRUE
MON-EUR,Bitget,MON/USDT,1,USDT-EUR,0.25,2,1,0,,,,,,,,,,,TRUE
MON-EUR,Coinbase,MON/USD,1,USD-EUR,0.375,3,1,0,,,,,,,,,,,TRUE
MON-TRY,Bybit,MON/USDT,1,USDT-TRY,0.375,3,1,0,,,,,,,,,,,TRUE
MON-TRY,Bitget,MON/USDT,1,USDT-TRY,0.25,2,1,0,,,,,,,,,,,TRUE
MON-TRY,Coinbase,MON/USD,1,USD-TRY,0.375,3,1,0,,,,,,,,,,,TRUE
MON-USD,Bybit,MON/USDT,1,USDT-USD,0.375,3,1,0,,,,,,,,,,,TRUE
MON-USD,Bitget,MON/USDT,1,USDT-USD,0.25,2,1,0,,,,,,,,,,,TRUE
MON-USD,Coinbase,MON/USD,0,,0.375,3,1,0,,,,,,,,,,,TRUE
MON-USDC,Bitget,MON/USDT,2,USDC-USDT,0.25,2,1,0,,,,,,,,,,,TRUE
MON-USDC,Coinbase,MON/USD,1,USD-USDC,0.375,3,1,0,,,,,,,,,,,TRUE
MON-USDC,Bybit,MON/USDT,2,USDC-USDT,0.375,3,1,0,,,,,,,,,,,TRUE
MON-USDT,Bybit,MON/USDT,0,,0.3,3,1,0,,,,,,,,,,,TRUE
MON-USDT,Bitget,MON/USDT,0,,0.2,2,1,0,,,,,,,,,,,TRUE
MON-USDT,Coinbase,MON/USD,2,USDT-USD,0.3,3,1,0,,,,,,,,,,,TRUE
MON-USDT,Binance_LINEAR_PERPETUAL,MON/USDT,0,,0.2,2,1,0,,,,,,,,,,,TRUE
MOODENG-EUR,Kucoin,MOODENG/USDT,1,USDT-EUR,0.333,2,1,0,,,,,,,,,,,TRUE
MOODENG-EUR,Gate,MOODENG/USDT,1,USDT-EUR,0.333,2,1,0,,,,,,,,,,,TRUE
MOODENG-EUR,Mxc,MOODENG/USDT,1,USDT-EUR,0.333,2,1,0,,,,,,,,,,,TRUE
MORPHO-EUR,OKX,MORPHO/USDT,1,USDT-EUR,0.364,4,1,0,,,,,,,,,,,TRUE
MORPHO-EUR,Bybit,MORPHO/USDT,1,USDT-EUR,0.273,3,1,0,,,,,,,,,,,TRUE
MORPHO-EUR,Gate,MORPHO/USDT,1,USDT-EUR,0.182,2,1,0,,,,,,,,,,,TRUE
MORPHO-EUR,Kucoin,MORPHO/USDT,1,USDT-EUR,0.182,2,1,0,,,,,,,,,,,TRUE
MORPHO-USD,OKX,MORPHO/USDT,1,USDT-USD,0.364,4,1,0,,,,,,,,,,,TRUE
MORPHO-USD,Bybit,MORPHO/USDT,1,USDT-USD,0.273,3,1,0,,,,,,,,,,,TRUE
MORPHO-USD,Gate,MORPHO/USDT,1,USDT-USD,0.182,2,1,0,,,,,,,,,,,TRUE
MORPHO-USD,Kucoin,MORPHO/USDT,1,USDT-USD,0.182,2,1,0,,,,,,,,,,,TRUE
MORPHO-USDC,OKX,MORPHO/USDT,2,USDC-USDT,0.364,4,1,0,,,,,,,,,,,TRUE
MORPHO-USDC,Bybit,MORPHO/USDT,2,USDC-USDT,0.273,3,1,0,,,,,,,,,,,TRUE
MORPHO-USDC,Gate,MORPHO/USDT,2,USDC-USDT,0.182,2,1,0,,,,,,,,,,,TRUE
MORPHO-USDC,Kucoin,MORPHO/USDT,2,USDC-USDT,0.182,2,1,0,,,,,,,,,,,TRUE
MORPHO-USDT,Kucoin,MORPHO/USDT,0,,0.182,2,1,0,,,,,,,,,,,TRUE
MORPHO-USDT,OKX,MORPHO/USDT,0,,0.364,4,1,0,,,,,,,,,,,TRUE
MORPHO-USDT,Bybit,MORPHO/USDT,0,,0.273,3,1,0,,,,,,,,,,,TRUE
MORPHO-USDT,Gate,MORPHO/USDT,0,,0.182,2,1,0,,,,,,,,,,,TRUE
MOVE-EUR,Gate,MOVE/USDT,1,USDT-EUR,1.0,2,1,0,,,,,,,,,,,TRUE
MSFT-USDT,Ondo_TICKER,MSFT/USD,2,USDT-USD,0.25,2,1,0,,,,,,,,,,,TRUE
MSFT-USDT,Pyth,MSFT/USD,2,USDT-USD,0.25,2,1,0,,,,,,,,,,,TRUE
MSFT-USDT,Bitmart,MSFTON/USDT,0,,0.2,2,1,0,,,,,,,,Ondo,MSFT,1.001,TRUE
MSFT-USDT,OKX_PERPETUAL,MSFT-USDT/SWAP-SWAP,1,USDT/SWAP-USDT,0.3,2,1,0,,,,,,,,,,,TRUE
MSTR-USDT,Bitmart,MSTRX/USDT,0,,0.1,2,1,0,,,,,,,,,,,TRUE
MSTR-USDT,Binance_LINEAR_PERPETUAL,MSTR/USDT,0,,0.15,2,1,0,,,,,,,,,,,TRUE
MSTR-USDT,OKX_PERPETUAL,MSTR-USDT/SWAP-SWAP,1,USDT/SWAP-USDT,0.15,2,1,0,,,,,,,,,,,TRUE
MSTR-USDT,Ondo_TICKER,MSTR/USD,2,USDT-USD,0.2,2,1,0,,,,,,,,,,,TRUE
MSTR-USDT,Pyth,MSTR/USD,2,USDT-USD,0.2,2,1,0,,,,,,,,,,,TRUE
MSTR-USDT,Binance_LINEAR_INDEX,MSTR/USDT,0,,0.2,2,1,0,,,,,,,,,,,TRUE
MU-USDT,Ondo_TICKER,MU/USD,2,USDT-USD,0.25,2,1,0,,,,,,,,,,,TRUE
MU-USDT,Pyth,MU/USD,2,USDT-USD,0.25,2,1,0,,,,,,,,,,,TRUE
MU-USDT,Bitmart,MUON/USDT,0,,0.2,2,1,0,,,,,,,,,,,TRUE
MU-USDT,OKX_PERPETUAL,MU-USDT/SWAP-SWAP,1,USDT/SWAP-USDT,0.3,2,1,0,,,,,,,,,,,TRUE
NAVX-EUR,Mxc,NAVX/USDT,1,USDT-EUR,0.222,2,1,0,,,,,,,,,,,TRUE
NAVX-EUR,Gate,NAVX/USDT,1,USDT-EUR,0.222,2,1,0,,,,,,,,,,,TRUE
NAVX-EUR,Kucoin,NAVX/USDT,1,USDT-EUR,0.222,2,1,0,,,,,,,,,,,TRUE
NAVX-EUR,Bybit,NAVX/USDT,1,USDT-EUR,0.333,3,1,0,,,,,,,,,,,TRUE
NAVX-USD,Gate,NAVX/USDT,1,USDT-USD,0.222,2,1,0,,,,,,,,,,,TRUE
NAVX-USD,Kucoin,NAVX/USDT,1,USDT-USD,0.222,2,1,0,,,,,,,,,,,TRUE
NAVX-USD,Bybit,NAVX/USDT,1,USDT-USD,0.333,3,1,0,,,,,,,,,,,TRUE
NAVX-USD,Mxc,NAVX/USDT,1,USDT-USD,0.222,2,1,0,,,,,,,,,,,TRUE
NAVX-USDC,Gate,NAVX/USDT,2,USDC-USDT,0.222,2,1,0,,,,,,,,,,,TRUE
NAVX-USDC,Kucoin,NAVX/USDT,2,USDC-USDT,0.222,2,1,0,,,,,,,,,,,TRUE
NAVX-USDC,Bybit,NAVX/USDT,2,USDC-USDT,0.333,3,1,0,,,,,,,,,,,TRUE
NAVX-USDC,Mxc,NAVX/USDT,2,USDC-USDT,0.222,2,1,0,,,,,,,,,,,TRUE
NAVX-USDT,Mxc,NAVX/USDT,0,,0.222,2,1,0,,,,,,,,,,,TRUE
NAVX-USDT,Gate,NAVX/USDT,0,,0.222,2,1,0,,,,,,,,,,,TRUE
NAVX-USDT,Kucoin,NAVX/USDT,0,,0.222,2,1,0,,,,,,,,,,,TRUE
NAVX-USDT,Bybit,NAVX/USDT,0,,0.333,3,1,0,,,,,,,,,,,TRUE
NEIRO-EUR,OKX,NEIRO/USDT,1,USDT-EUR,0.5,4,1,0,,,,,,,,,,,TRUE
NEIRO-EUR,Binance,NEIRO/USDT,1,USDT-EUR,0.5,4,1,0,,,,,,,,,,,TRUE
NEIRO-TRY,Binance,NEIRO/TRY,0,,1.0,4,1,0,,,,,,,,,,,TRUE
NEIRO-USD,Binance,NEIRO/USDT,1,USDT-USD,0.4,4,1,0,,,,,,,,,,,TRUE
NEIRO-USD,Kucoin,NEIROCTO/USDT,1,USDT-USD,0.2,2,1,0,,,,,,,,,,,TRUE
NEIRO-USD,OKX,NEIRO/USDT,1,USDT-USD,0.4,4,1,0,,,,,,,,,,,TRUE
NEIRO-USDC,Binance,NEIRO/USDT,2,USDC-USDT,0.5,4,1,0,,,,,,,,,,,TRUE
NEIRO-USDC,OKX,NEIRO/USDT,2,USDC-USDT,0.5,4,1,0,,,,,,,,,,,TRUE
NFLX-USDT,Pyth,NFLX/USD,2,USDT-USD,0.571,2,1,0,,,,,,,,,,,TRUE
NFLX-USDT,Hyperliquid_LINEAR_PERPETUAL,NFLX/USDC,1,USDC-USDT,0.429,2,1,0,,,,,,,,,,,TRUE
NFT-USD,OKX,NFT/USDT,1,USDT-USD,0.5,4,1,0,,,,,,,,,,,TRUE
NFT-USD,Kucoin,NFT/USDT,1,USDT-USD,0.25,2,1,0,,,,,,,,,,,TRUE
NFT-USD,Gate,NFT/USDT,1,USDT-USD,0.25,2,1,0,,,,,,,,,,,TRUE
NIGHT-EUR,Bybit,NIGHT/USDT,1,USDT-EUR,0.333,3,1,0,,,,,,,,,,,TRUE
NIGHT-EUR,Gate,NIGHT/USDT,1,USDT-EUR,0.222,2,1,0,,,,,,,,,,,TRUE
NIGHT-EUR,OKX,NIGHT/USDT,1,USDT-EUR,0.444,4,1,0,,,,,,,,,,,TRUE
NIGHT-TRY,Bybit,NIGHT/USDT,1,USDT-TRY,0.333,3,1,0,,,,,,,,,,,TRUE
NIGHT-TRY,Gate,NIGHT/USDT,1,USDT-TRY,0.222,2,1,0,,,,,,,,,,,TRUE
NIGHT-TRY,OKX,NIGHT/USDT,1,USDT-TRY,0.444,4,1,0,,,,,,,,,,,TRUE
NIGHT-USD,OKX,NIGHT/USDT,1,USDT-USD,0.444,4,1,0,,,,,,,,,,,TRUE
NIGHT-USD,Bybit,NIGHT/USDT,1,USDT-USD,0.333,3,1,0,,,,,,,,,,,TRUE
NIGHT-USD,Gate,NIGHT/USDT,1,USDT-USD,0.222,2,1,0,,,,,,,,,,,TRUE
NIGHT-USDC,Bybit,NIGHT/USDT,2,USDC-USDT,0.333,3,1,0,,,,,,,,,,,TRUE
NIGHT-USDC,Gate,NIGHT/USDT,2,USDC-USDT,0.222,2,1,0,,,,,,,,,,,TRUE
NIGHT-USDC,OKX,NIGHT/USDT,2,USDC-USDT,0.444,4,1,0,,,,,,,,,,,TRUE
NIGHT-USDT,OKX,NIGHT/USDT,0,,0.444,4,1,0,,,,,,,,,,,TRUE
NIGHT-USDT,Bybit,NIGHT/USDT,0,,0.333,3,1,0,,,,,,,,,,,TRUE
NIGHT-USDT,Gate,NIGHT/USDT,0,,0.222,2,1,0,,,,,,,,,,,TRUE
NOT-EUR,Bybit,NOT/USDT,1,USDT-EUR,1.0,3,1,0,,,,,,,,,,,TRUE
NOT-USD,OKX,NOT/USDT,1,USDT-USD,0.333,4,1,0,,,,,,,,,,,TRUE
NOT-USD,Binance,NOT/USDT,1,USDT-USD,0.333,4,1,0,,,,,,,,,,,TRUE
NOT-USD,Kucoin,NOT/USDT,1,USDT-USD,0.167,2,1,0,,,,,,,,,,,TRUE
NOT-USD,Gate,NOT/USDT,1,USDT-USD,0.167,2,1,0,,,,,,,,,,,TRUE
NVDA-USDT,OKX_PERPETUAL,NVDA-USDT/SWAP-SWAP,1,USDT/SWAP-USDT,0.2,2,1,0,,,,,,,,,,,TRUE
NVDA-USDT,Ondo_TICKER,NVDA/USD,2,USDT-USD,0.25,2,1,0,,,,,,,,,,,TRUE
NVDA-USDT,Pyth,NVDA/USD,2,USDT-USD,0.25,2,1,0,,,,,,,,,,,TRUE
NVDA-USDT,Bitmart,NVDAX/USDT,0,,0.1,2,1,0,,,,,,,,,,,TRUE
NVDA-USDT,Gate_LINEAR_PERPETUAL,NVDAX/USDT,0,,0.2,2,1,0,,,,,,,,,,,TRUE
OKSOL-SOL,OKX,SOL/USDT,2,SOL-USDT,0.364,4,1,0,,,,,,,,,,,TRUE
OKSOL-SOL,Binance,SOL/USDT,2,SOL-USDT,0.364,4,1,0,,,,,,,,,,,TRUE
OKSOL-SOL,Bybit,SOL/USDT,2,SOL-USDT,0.273,3,1,0,,,,,,,,,,,TRUE
OL-EUR,Mxc,OL/USDT,1,USDT-EUR,1.0,2,1,0,,,,,,,,,,,TRUE
OMI-EUR,Gate,OMI/USDT,1,USDT-EUR,0.333,2,1,0,,,,,,,,,,,TRUE
OMI-EUR,OKX,OMI/USDT,1,USDT-EUR,0.667,4,1,0,,,,,,,,,,,TRUE
OMI-USD,OKX,OMI/USDT,1,USDT-USD,0.667,4,1,0,,,,,,,,,,,TRUE
OMI-USD,Gate,OMI/USDT,1,USDT-USD,0.333,2,1,0,,,,,,,,,,,TRUE
OMI-USDC,Gate,OMI/USDT,2,USDC-USDT,0.333,2,1,0,,,,,,,,,,,TRUE
OMI-USDC,OKX,OMI/USDT,2,USDC-USDT,0.667,4,1,0,,,,,,,,,,,TRUE
OMI-USDT,Gate,OMI/USDT,0,,0.333,2,1,0,,,,,,,,,,,TRUE
OMI-USDT,OKX,OMI/USDT,0,,0.667,4,1,0,,,,,,,,,,,TRUE
ONDO-EUR,Binance,ONDO/USDT,1,USDT-EUR,1.0,4,1,0,,,,,,,,,,,TRUE
ONDO-USD,OKX,ONDO/USDT,1,USDT-USD,0.364,4,1,0,,,,,,,,,,,TRUE
ONDO-USD,Kucoin,ONDO/USDT,1,USDT-USD,0.182,2,1,0,,,,,,,,,,,TRUE
ONDO-USD,Gate,ONDO/USDT,1,USDT-USD,0.182,2,1,0,,,,,,,,,,,TRUE
ONDO-USD,Bybit,ONDO/USDT,1,USDT-USD,0.273,3,1,0,,,,,,,,,,,TRUE
ONE-EUR,Bybit,ONE/USDT,1,USDT-EUR,1.0,3,1,0,,,,,,,,,,,TRUE
ONE-USD,Gate,ONE/USDT,1,USDT-USD,0.167,2,1,0,,,,,,,,,,,TRUE
ONE-USD,OKX,ONE/USDT,1,USDT-USD,0.333,4,1,0,,,,,,,,,,,TRUE
ONE-USD,Kucoin,ONE/USDT,1,USDT-USD,0.167,2,1,0,,,,,,,,,,,TRUE
ONE-USD,Binance,ONE/USDT,1,USDT-USD,0.333,4,1,0,,,,,,,,,,,TRUE
OP-EUR,Kraken,OP/EUR,0,,0.6,3,1,0,,,,,,,,,,,TRUE
OP-EUR,Bitvavo,OP/EUR,0,,0.4,2,1,0,,,,,,,,,,,TRUE
OP-USD,Binance,OP/USDT,1,USDT-USD,0.267,4,1,0,,,,,,,,,,,TRUE
OP-USD,Coinbase,OP/USD,0,,0.2,3,1,0,,,,,,,,,,,TRUE
OP-USD,OKX,OP/USDT,1,USDT-USD,0.267,4,1,0,,,,,,,,,,,TRUE
OP-USD,Gate,OP/USDT,1,USDT-USD,0.133,2,1,0,,,,,,,,,,,TRUE
OP-USD,Kucoin,OP/USDT,1,USDT-USD,0.133,2,1,0,,,,,,,,,,,TRUE
OPN-USDT,Bybit,OPN/USDT,0,,0.429,3,1,0,,,,,,,,,,,TRUE
OPN-USDT,Gate,OPN/USDT,0,,0.286,2,1,0,,,,,,,,,,,TRUE
OPN-USDT,Mxc,OPN/USDT,0,,0.286,2,1,0,,,,,,,,,,,TRUE
ORBS-EUR,BingX,ORBS/USDT,1,USDT-EUR,1.0,2,1,0,,,,,,,,,,,TRUE
ORCL-USDT,Pyth,ORCL/USD,2,USDT-USD,0.4,2,1,0,,,,,,,,,,,TRUE
ORCL-USDT,Hyperliquid_LINEAR_PERPETUAL,ORCL/USDC,1,USDC-USDT,0.3,2,1,0,,,,,,,,,,,TRUE
ORCL-USDT,OKX_PERPETUAL,ORCL-USDT/SWAP-SWAP,1,USDT/SWAP-USDT,0.3,2,1,0,,,,,,,,,,,TRUE
PARTI-TRY,Binance,PARTI/TRY,0,,1.0,4,1,0,,,,,,,,,,,TRUE
PAXG-TRY,OKX,PAXG/USDT,1,USDT-TRY,0.5,4,1,0,,,,,,,,,,,TRUE
PAXG-TRY,Binance,PAXG/USDT,1,USDT-TRY,0.5,4,1,0,,,,,,,,,,,TRUE
PENGU-TRY,Binance,PENGU/TRY,0,,0.667,4,1,0,,,,,,,,,,,TRUE
PENGU-TRY,BTCTurk,PENGU/TRY,0,,0.333,2,1,0,,,,,,,,,,,TRUE
PEOPLE-EUR,Bybit,PEOPLE/USDT,1,USDT-EUR,1.0,3,1,0,,,,,,,,,,,TRUE
PEOPLE-USD,OKX,PEOPLE/USDT,1,USDT-USD,0.333,4,1,0,,,,,,,,,,,TRUE
PEOPLE-USD,Gate,PEOPLE/USDT,1,USDT-USD,0.167,2,1,0,,,,,,,,,,,TRUE
PEOPLE-USD,Kucoin,PEOPLE/USDT,1,USDT-USD,0.167,2,1,0,,,,,,,,,,,TRUE
PEOPLE-USD,Binance,PEOPLE/USDT,1,USDT-USD,0.333,4,1,0,,,,,,,,,,,TRUE
PEPE-TRY,Binance,PEPE/TRY,0,,0.667,4,1,0,,,,,,,,,,,TRUE
PEPE-TRY,BTCTurk,PEPE/TRY,0,,0.333,2,1,0,,,,,,,,,,,TRUE
PEPE-USD,Gate,PEPE/USDT,1,USDT-USD,0.143,2,1,0,,,,,,,,,,,TRUE
PEPE-USD,OKX,PEPE/USDT,1,USDT-USD,0.286,4,1,0,,,,,,,,,,,TRUE
PEPE-USD,Kucoin,PEPE/USDT,1,USDT-USD,0.143,2,1,0,,,,,,,,,,,TRUE
PEPE-USD,Bybit,PEPE/USDT,1,USDT-USD,0.214,3,1,0,,,,,,,,,,,TRUE
PEPE-USD,Kraken,PEPE/USD,0,,0.214,3,1,0,,,,,,,,,,,TRUE
PHA-USDT,Kucoin,PHA/USDT,0,,0.167,2,1,0,,,,,,,,,,,TRUE
PHA-USDT,Gate,PHA/USDT,0,,0.167,2,1,0,,,,,,,,,,,TRUE
PHA-USDT,OKX,PHA/USDT,0,,0.333,4,1,0,,,,,,,,,,,TRUE
PHA-USDT,Binance,PHA/USDT,0,,0.333,4,1,0,,,,,,,,,,,TRUE
PLTR-USDT,Ondo_TICKER,PLTR/USD,2,USDT-USD,0.222,2,1,0,,,,,,,,,,,TRUE
PLTR-USDT,Pyth,PLTR/USD,2,USDT-USD,0.222,2,1,0,,,,,,,,,,,TRUE
PLTR-USDT,Binance_LINEAR_INDEX,PLTR/USDT,0,,0.222,2,1,0,,,,,,,,,,,TRUE
PLTR-USDT,Binance_LINEAR_PERPETUAL,PLTR/USDT,0,,0.167,2,1,0,,,,,,,,,,,TRUE
PLTR-USDT,OKX_PERPETUAL,PLTR-USDT/SWAP-SWAP,1,USDT/SWAP-USDT,0.167,2,1,0,,,,,,,,,,,TRUE
PNUT-TRY,Binance,PNUT/TRY,0,,0.667,4,1,0,,,,,,,,,,,TRUE
PNUT-TRY,BTCTurk,PNUT/TRY,0,,0.333,2,1,0,,,,,,,,,,,TRUE
POR-EUR,Gate,POR/USDT,1,USDT-EUR,0.333,2,1,0,,,,,,,,,,,TRUE
POR-EUR,OKX,POR/USDT,1,USDT-EUR,0.667,4,1,0,,,,,,,,,,,TRUE
POR-USD,Gate,POR/USDT,1,USDT-USD,0.333,2,1,0,,,,,,,,,,,TRUE
POR-USD,OKX,POR/USDT,1,USDT-USD,0.667,4,1,0,,,,,,,,,,,TRUE
POR-USDC,Gate,POR/USDT,2,USDC-USDT,0.333,2,1,0,,,,,,,,,,,TRUE
POR-USDC,OKX,POR/USDT,2,USDC-USDT,0.667,4,1,0,,,,,,,,,,,TRUE
POR-USDT,Gate,POR/USDT,0,,0.333,2,1,0,,,,,,,,,,,TRUE
POR-USDT,OKX,POR/USDT,0,,0.667,4,1,0,,,,,,,,,,,TRUE
PUMP-EUR,OKX,PUMP/USDT,1,USDT-EUR,0.286,4,1,0,,,,,,,,,,,TRUE
PUMP-EUR,Gate,PUMP/USDT,1,USDT-EUR,0.143,2,1,0,,,,,,,,,,,TRUE
PUMP-EUR,Kucoin,PUMP/USDT,1,USDT-EUR,0.143,2,1,0,,,,,,,,,,,TRUE
PUMP-EUR,Kraken,PUMP/USD,1,USD-EUR,0.214,3,1,0,,,,,,,,,,,TRUE
PUMP-EUR,Bybit,PUMP/USDT,1,USDT-EUR,0.214,3,1,0,,,,,,,,,,,TRUE
PUMP-TRY,Binance,PUMP/TRY,0,,0.4,4,1,0,,,,,,,,,,,TRUE
PUMP-TRY,BTCTurk,PUMP/TRY,0,,0.2,2,1,0,,,,,,,,,,,TRUE
PUMP-TRY,OKX,PUMP/TRY,0,,0.4,4,1,0,,,,,,,,,,,TRUE
PUMP-USD,Gate,PUMP/USDT,1,USDT-USD,0.143,2,1,0,,,,,,,,,,,TRUE
PUMP-USD,OKX,PUMP/USDT,1,USDT-USD,0.286,4,1,0,,,,,,,,,,,TRUE
PUMP-USD,Kraken,PUMP/USD,0,,0.214,3,1,0,,,,,,,,,,,TRUE
PUMP-USD,Kucoin,PUMP/USDT,1,USDT-USD,0.143,2,1,0,,,,,,,,,,,TRUE
PUMP-USD,Bybit,PUMP/USDT,1,USDT-USD,0.214,3,1,0,,,,,,,,,,,TRUE
PUMP-USDC,Kraken,PUMP/USD,1,USD-USDC,0.214,3,1,0,,,,,,,,,,,TRUE
PUMP-USDC,Gate,PUMP/USDT,2,USDC-USDT,0.143,2,1,0,,,,,,,,,,,TRUE
PUMP-USDC,Kucoin,PUMP/USDT,2,USDC-USDT,0.143,2,1,0,,,,,,,,,,,TRUE
PUMP-USDC,Bybit,PUMP/USDT,2,USDC-USDT,0.214,3,1,0,,,,,,,,,,,TRUE
PUMP-USDC,OKX,PUMP/USDT,2,USDC-USDT,0.286,4,1,0,,,,,,,,,,,TRUE
PUMP-USDT,OKX,PUMP/USDT,0,,0.286,4,1,0,,,,,,,,,,,TRUE
PUMP-USDT,Kraken,PUMP/USD,2,USDT-USD,0.214,3,1,0,,,,,,,,,,,TRUE
PUMP-USDT,Bybit,PUMP/USDT,0,,0.214,3,1,0,,,,,,,,,,,TRUE
PUMP-USDT,Gate,PUMP/USDT,0,,0.143,2,1,0,,,,,,,,,,,TRUE
PUMP-USDT,Kucoin,PUMP/USDT,0,,0.143,2,1,0,,,,,,,,,,,TRUE
PYTH-USD,Gate,PYTH/USDT,1,USDT-USD,0.182,2,1,0,,,,,,,,,,,TRUE
PYTH-USD,OKX,PYTH/USDT,1,USDT-USD,0.364,4,1,0,,,,,,,,,,,TRUE
PYTH-USD,Kucoin,PYTH/USDT,1,USDT-USD,0.182,2,1,0,,,,,,,,,,,TRUE
PYTH-USD,Bybit,PYTH/USDT,1,USDT-USD,0.273,3,1,0,,,,,,,,,,,TRUE
QQQ-USDT,Bitmart,QQQX/USDT,0,,0.2,2,1,0,,,,,,,,,,,TRUE
QQQ-USDT,Pyth,QQQ/USD,2,USDT-USD,0.2,2,1,0,,,,,,,,,,,TRUE
QQQ-USDT,Gate_LINEAR_PERPETUAL,QQQX/USDT,0,,0.2,2,1,0,,,,,,,,,,,TRUE
QQQ-USDT,OKX_PERPETUAL,QQQ-USDT/SWAP-SWAP,1,USDT/SWAP-USDT,0.2,2,1,0,,,,,,,,,,,TRUE
QQQ-USDT,Ondo_TICKER,QQQ/USD,2,USDT-USD,0.2,2,1,0,,,,,,,,,,,TRUE
QTUM-EUR,Mxc,QTUM/USDT,1,USDT-EUR,1.0,2,1,0,,,,,,,,,,,TRUE
RESOLV-TRY,Binance,RESOLV/TRY,0,,0.5,4,1,0,,,,,,,,,,,TRUE
RESOLV-TRY,OKX,RESOLV/TRY,0,,0.5,4,1,0,,,,,,,,,,,TRUE
RESOLV-USD,Bitget,RESOLV/USDT,1,USDT-USD,0.182,2,1,0,,,,,,,,,,,TRUE
RESOLV-USD,Gate,RESOLV/USDT,1,USDT-USD,0.182,2,1,0,,,,,,,,,,,TRUE
RESOLV-USD,OKX,RESOLV/USDT,1,USDT-USD,0.364,4,1,0,,,,,,,,,,,TRUE
RESOLV-USD,Bybit,RESOLV/USDT,1,USDT-USD,0.273,3,1,0,,,,,,,,,,,TRUE
ROBO-EUR,Gate,ROBO/USDT,1,USDT-EUR,0.222,2,1,0,,,,,,,,,,,TRUE
ROBO-EUR,Bitget,ROBO/USDT,1,USDT-EUR,0.222,2,1,0,,,,,,,,,,,TRUE
ROBO-EUR,Bybit,ROBO/USDT,1,USDT-EUR,0.333,3,1,0,,,,,,,,,,,TRUE
ROBO-EUR,Kucoin,ROBO/USDT,1,USDT-EUR,0.222,2,1,0,,,,,,,,,,,TRUE
ROBO-TRY,OKX,ROBO/USDT,1,USDT-TRY,0.25,4,1,0,,,,,,,,,,,TRUE
ROBO-TRY,Coinbase,ROBO/USD,1,USD-TRY,0.188,3,1,0,,,,,,,,,,,TRUE
ROBO-TRY,Gate,ROBO/USDT,1,USDT-TRY,0.125,2,1,0,,,,,,,,,,,TRUE
ROBO-TRY,Bitget,ROBO/USDT,1,USDT-TRY,0.125,2,1,0,,,,,,,,,,,TRUE
ROBO-TRY,Bybit,ROBO/USDT,1,USDT-TRY,0.188,3,1,0,,,,,,,,,,,TRUE
ROBO-TRY,Kucoin,ROBO/USDT,1,USDT-TRY,0.125,2,1,0,,,,,,,,,,,TRUE
ROBO-USD,Bybit,ROBO/USDT,1,USDT-USD,0.25,3,1,0,,,,,,,,,,,TRUE
ROBO-USD,Kucoin,ROBO/USDT,1,USDT-USD,0.167,2,1,0,,,,,,,,,,,TRUE
ROBO-USD,Coinbase,ROBO/USD,0,,0.25,3,1,0,,,,,,,,,,,TRUE
ROBO-USD,Gate,ROBO/USDT,1,USDT-USD,0.167,2,1,0,,,,,,,,,,,TRUE
ROBO-USD,Bitget,ROBO/USDT,1,USDT-USD,0.167,2,1,0,,,,,,,,,,,TRUE
ROBO-USDC,Kucoin,ROBO/USDT,2,USDC-USDT,0.222,2,1,0,,,,,,,,,,,TRUE
ROBO-USDC,Gate,ROBO/USDT,2,USDC-USDT,0.222,2,1,0,,,,,,,,,,,TRUE
ROBO-USDC,Bitget,ROBO/USDT,2,USDC-USDT,0.222,2,1,0,,,,,,,,,,,TRUE
ROBO-USDC,Bybit,ROBO/USDT,2,USDC-USDT,0.333,3,1,0,,,,,,,,,,,TRUE
ROBO-USDT,Coinbase,ROBO/USD,2,USDT-USD,0.25,3,1,0,,,,,,,,,,,TRUE
ROBO-USDT,Gate,ROBO/USDT,0,,0.167,2,1,0,,,,,,,,,,,TRUE
ROBO-USDT,Bitget,ROBO/USDT,0,,0.167,2,1,0,,,,,,,,,,,TRUE
ROBO-USDT,Bybit,ROBO/USDT,0,,0.25,3,1,0,,,,,,,,,,,TRUE
ROBO-USDT,Kucoin,ROBO/USDT,0,,0.167,2,1,0,,,,,,,,,,,TRUE
RON-EUR,Gate,RON/USDT,1,USDT-EUR,0.25,2,1,0,,,,,,,,,,,TRUE
RON-EUR,Mxc,RON/USDT,1,USDT-EUR,0.25,2,1,0,,,,,,,,,,,TRUE
RON-EUR,OKX,RON/USDT,1,USDT-EUR,0.5,4,1,0,,,,,,,,,,,TRUE
RON-USD,Gate,RON/USDT,1,USDT-USD,0.25,2,1,0,,,,,,,,,,,TRUE
RON-USD,Mxc,RON/USDT,1,USDT-USD,0.25,2,1,0,,,,,,,,,,,TRUE
RON-USD,OKX,RON/USDT,1,USDT-USD,0.5,4,1,0,,,,,,,,,,,TRUE
RON-USDC,Gate,RON/USDT,2,USDC-USDT,0.25,2,1,0,,,,,,,,,,,TRUE
RON-USDC,Mxc,RON/USDT,2,USDC-USDT,0.25,2,1,0,,,,,,,,,,,TRUE
RON-USDC,OKX,RON/USDT,2,USDC-USDT,0.5,4,1,0,,,,,,,,,,,TRUE
RON-USDT,Gate,RON/USDT,0,,0.25,2,1,0,,,,,,,,,,,TRUE
RON-USDT,OKX,RON/USDT,0,,0.5,4,1,0,,,,,,,,,,,TRUE
RON-USDT,Mxc,RON/USDT,0,,0.25,2,1,0,,,,,,,,,,,TRUE
RVN-EUR,Mxc,RVN/USDT,1,USDT-EUR,0.4,2,1,0,,,,,,,,,,,TRUE
RVN-EUR,Bybit,RVN/USDT,1,USDT-EUR,0.6,3,1,0,,,,,,,,,,,TRUE
SAHARA-TRY,Binance,SAHARA/USDT,1,USDT-TRY,0.4,4,1,0,,,,,,,,,,,TRUE
SAHARA-TRY,OKX,SAHARA/USDT,1,USDT-TRY,0.4,4,1,0,,,,,,,,,,,TRUE
SAHARA-TRY,Bitget,SAHARA/USDT,1,USDT-TRY,0.2,2,1,0,,,,,,,,,,,TRUE
SAHARA-USD,Binance,SAHARA/USDT,1,USDT-USD,0.4,4,1,0,,,,,,,,,,,TRUE
SAHARA-USD,OKX,SAHARA/USDT,1,USDT-USD,0.4,4,1,0,,,,,,,,,,,TRUE
SAHARA-USD,Bitget,SAHARA/USDT,1,USDT-USD,0.2,2,1,0,,,,,,,,,,,TRUE
SAHARA-USDT,Binance,SAHARA/USDT,0,,0.4,4,1,0,,,,,,,,,,,TRUE
SAHARA-USDT,OKX,SAHARA/USDT,0,,0.4,4,1,0,,,,,,,,,,,TRUE
SAHARA-USDT,Bitget,SAHARA/USDT,0,,0.2,2,1,0,,,,,,,,,,,TRUE
SAND-EUR,Bitvavo,SAND/EUR,0,,0.222,2,1,0,,,,,,,,,,,TRUE
SAND-EUR,Kraken,SAND/EUR,0,,0.333,3,1,0,,,,,,,,,,,TRUE
SAND-EUR,OKX,SAND/EUR,0,,0.444,4,1,0,,,,,,,,,,,TRUE
SAND-USD,OKX,SAND/USDT,1,USDT-USD,0.25,4,1,0,,,,,,,,,,,TRUE
SAND-USD,Binance,SAND/USDT,1,USDT-USD,0.25,4,1,0,,,,,,,,,,,TRUE
SAND-USD,Kraken,SAND/USD,0,,0.188,3,1,0,,,,,,,,,,,TRUE
SAND-USD,Kucoin,SAND/USDT,1,USDT-USD,0.125,2,1,0,,,,,,,,,,,TRUE
SAND-USD,Coinbase,SAND/USD,0,,0.188,3,1,0,,,,,,,,,,,TRUE
SATS-EUR,Bybit,SATS/USDT,1,USDT-EUR,1.0,3,1,0,,,,,,,,,,,TRUE
SATS-USD,Gate,SATS/USDT,1,USDT-USD,0.2,2,1,0,,,,,,,,,,,TRUE
SATS-USD,OKX,SATS/USDT,1,USDT-USD,0.4,4,1,0,,,,,,,,,,,TRUE
SATS-USD,Kucoin,SATS/USDT,1,USDT-USD,0.2,2,1,0,,,,,,,,,,,TRUE
SATS-USD,Mxc,SATS/USDT,1,USDT-USD,0.2,2,1,0,,,,,,,,,,,TRUE
SATS-USDC,OKX,SATS/USDT,2,USDC-USDT,0.308,4,1,0,,,,,,,,,,,TRUE
SATS-USDC,Bybit,SATS/USDT,2,USDC-USDT,0.231,3,1,0,,,,,,,,,,,TRUE
SATS-USDC,Gate,SATS/USDT,2,USDC-USDT,0.154,2,1,0,,,,,,,,,,,TRUE
SATS-USDC,Kucoin,SATS/USDT,2,USDC-USDT,0.154,2,1,0,,,,,,,,,,,TRUE
SATS-USDC,Mxc,SATS/USDT,2,USDC-USDT,0.154,2,1,0,,,,,,,,,,,TRUE
SATS-USDT,OKX,SATS/USDT,0,,0.308,4,1,0,,,,,,,,,,,TRUE
SATS-USDT,Mxc,SATS/USDT,0,,0.154,2,1,0,,,,,,,,,,,TRUE
SATS-USDT,Kucoin,SATS/USDT,0,,0.154,2,1,0,,,,,,,,,,,TRUE
SATS-USDT,Bybit,SATS/USDT,0,,0.231,3,1,0,,,,,,,,,,,TRUE
SATS-USDT,Gate,SATS/USDT,0,,0.154,2,1,0,,,,,,,,,,,TRUE
SCR-EUR,Bybit,SCR/USDT,1,USDT-EUR,1.0,3,1,0,,,,,,,,,,,TRUE
SCR-USD,OKX,SCR/USDT,1,USDT-USD,0.333,4,1,0,,,,,,,,,,,TRUE
SCR-USD,Kucoin,SCR/USDT,1,USDT-USD,0.167,2,1,0,,,,,,,,,,,TRUE
SCR-USD,Gate,SCR/USDT,1,USDT-USD,0.167,2,1,0,,,,,,,,,,,TRUE
SCR-USD,Binance,SCR/USDT,1,USDT-USD,0.333,4,1,0,,,,,,,,,,,TRUE
SENT-EUR,Bitget,SENT/USDT,1,USDT-EUR,0.154,2,1,0,,,,,,,,,,,TRUE
SENT-EUR,Binance,SENT/USDT,1,USDT-EUR,0.308,4,1,0,,,,,,,,,,,TRUE
SENT-EUR,Binance_LINEAR_PERPETUAL,SENT/USDT,1,USDT-EUR,0.154,2,1,0,,,,,,,,,,,TRUE
SENT-EUR,Bybit,SENT/USDT,1,USDT-EUR,0.231,3,1,0,,,,,,,,,,,TRUE
SENT-EUR,BingX,SENT/USDT,1,USDT-EUR,0.154,2,1,0,,,,,,,,,,,TRUE
SENT-TRY,Bybit,SENT/USDT,1,USDT-TRY,0.273,3,1,0,,,,,,,,,,,TRUE
SENT-TRY,BingX,SENT/USDT,1,USDT-TRY,0.182,2,1,0,,,,,,,,,,,TRUE
SENT-TRY,Bitget,SENT/USDT,1,USDT-TRY,0.182,2,1,0,,,,,,,,,,,TRUE
SENT-TRY,Binance,SENT/USDT,1,USDT-TRY,0.364,4,1,0,,,,,,,,,,,TRUE
SENT-USD,Binance,SENT/USDT,1,USDT-USD,0.364,4,1,0,,,,,,,,,,,TRUE
SENT-USD,Bybit,SENT/USDT,1,USDT-USD,0.273,3,1,0,,,,,,,,,,,TRUE
SENT-USD,BingX,SENT/USDT,1,USDT-USD,0.182,2,1,0,,,,,,,,,,,TRUE
SENT-USD,Bitget,SENT/USDT,1,USDT-USD,0.182,2,1,0,,,,,,,,,,,TRUE
SENT-USDC,BingX,SENT/USDT,2,USDC-USDT,0.182,2,1,0,,,,,,,,,,,TRUE
SENT-USDC,Bitget,SENT/USDT,2,USDC-USDT,0.182,2,1,0,,,,,,,,,,,TRUE
SENT-USDC,Binance,SENT/USDT,2,USDC-USDT,0.364,4,1,0,,,,,,,,,,,TRUE
SENT-USDC,Bybit,SENT/USDT,2,USDC-USDT,0.273,3,1,0,,,,,,,,,,,TRUE
SENT-USDT,Bitget,SENT/USDT,0,,0.154,2,1,0,,,,,,,,,,,TRUE
SENT-USDT,Binance_LINEAR_PERPETUAL,SENT/USDT,0,,0.154,2,1,0,,,,,,,,,,,TRUE
SENT-USDT,Binance,SENT/USDT,0,,0.308,4,1,0,,,,,,,,,,,TRUE
SENT-USDT,Bybit,SENT/USDT,0,,0.231,3,1,0,,,,,,,,,,,TRUE
SENT-USDT,BingX,SENT/USDT,0,,0.154,2,1,0,,,,,,,,,,,TRUE
SHIB-EUR,Bitvavo,SHIB/EUR,0,,0.154,2,1,0,,,,,,,,,,,TRUE
SHIB-EUR,Coinbase,SHIB/EUR,0,,0.231,3,1,0,,,,,,,,,,,TRUE
SHIB-EUR,OKX,SHIB/EUR,0,,0.308,4,1,0,,,,,,,,,,,TRUE
SHIB-EUR,Binance,SHIB/EUR,0,,0.308,4,1,0,,,,,,,,,,,TRUE
SHIB-TRY,OKX,SHIB/TRY,0,,0.4,4,1,0,,,,,,,,,,,TRUE
SHIB-TRY,Binance,SHIB/TRY,0,,0.4,4,1,0,,,,,,,,,,,TRUE
SHIB-TRY,BTCTurk,SHIB/TRY,0,,0.2,2,1,0,,,,,,,,,,,TRUE
SHIB-USD,Binance,SHIB/USDT,1,USDT-USD,0.267,4,1,0,,,,,,,,,,,TRUE
SHIB-USD,OKX,SHIB/USDT,1,USDT-USD,0.267,4,1,0,,,,,,,,,,,TRUE
SHIB-USD,Gate,SHIB/USDT,1,USDT-USD,0.133,2,1,0,,,,,,,,,,,TRUE
SHIB-USD,Kucoin,SHIB/USDT,1,USDT-USD,0.133,2,1,0,,,,,,,,,,,TRUE
SHIB-USD,Coinbase,SHIB/USD,0,,0.2,3,1,0,,,,,,,,,,,TRUE
SIGN-USDT,Binance_LINEAR_PERPETUAL,SIGN/USDT,0,,0.154,2,1,0,,,,,,,,,,,TRUE
SIGN-USDT,Bybit,SIGN/USDT,0,,0.231,3,1,0,,,,,,,,,,,TRUE
SIGN-USDT,Binance,SIGN/USDT,0,,0.308,4,1,0,,,,,,,,,,,TRUE
SIGN-USDT,Bitget,SIGN/USDT,0,,0.154,2,1,0,,,,,,,,,,,TRUE
SIGN-USDT,Gate,SIGN/USDT,0,,0.154,2,1,0,,,,,,,,,,,TRUE
SKL-USDC,Crypto,SKL/USDT,2,USDC-USDT,0.2,3,1,0,,,,,,,,,,,TRUE
SKL-USDC,OKX,SKL/USDT,2,USDC-USDT,0.267,4,1,0,,,,,,,,,,,TRUE
SKL-USDC,Binance,SKL/USDT,2,USDC-USDT,0.267,4,1,0,,,,,,,,,,,TRUE
SKL-USDC,Gate,SKL/USDT,2,USDC-USDT,0.133,2,1,0,,,,,,,,,,,TRUE
SKL-USDC,Kucoin,SKL/USDT,2,USDC-USDT,0.133,2,1,0,,,,,,,,,,,TRUE
SKL-USDT,OKX,SKL/USDT,0,,0.235,4,1,0,,,,,,,,,,,TRUE
SKL-USDT,Binance,SKL/USDT,0,,0.235,4,1,0,,,,,,,,,,,TRUE
SKL-USDT,Gate,SKL/USDT,0,,0.118,2,1,0,,,,,,,,,,,TRUE
SKL-USDT,Kucoin,SKL/USDT,0,,0.118,2,1,0,,,,,,,,,,,TRUE
SKL-USDT,BTCTurk,SKL/USDT,0,,0.118,2,1,0,,,,,,,,,,,TRUE
SKL-USDT,Crypto,SKL/USDT,0,,0.176,3,1,0,,,,,,,,,,,TRUE
SKY-EUR,Coinbase,SKY/USD,1,USD-EUR,0.25,3,1,0,,,,,,,,,,,TRUE
SKY-EUR,Bybit,SKY/USDT,1,USDT-EUR,0.25,3,1,0,,,,,,,,,,,TRUE
SKY-EUR,Bitget,SKY/USDT,1,USDT-EUR,0.167,2,1,0,,,,,,,,,,,TRUE
SKY-EUR,OKX,SKY/USDT,1,USDT-EUR,0.333,4,1,0,,,,,,,,,,,TRUE
SKY-USD,Coinbase,SKY/USD,0,,0.25,3,1,0,,,,,,,,,,,TRUE
SKY-USD,Bybit,SKY/USDT,1,USDT-USD,0.25,3,1,0,,,,,,,,,,,TRUE
SKY-USD,OKX,SKY/USDT,1,USDT-USD,0.333,4,1,0,,,,,,,,,,,TRUE
SKY-USD,Bitget,SKY/USDT,1,USDT-USD,0.167,2,1,0,,,,,,,,,,,TRUE
SKY-USDC,Coinbase,SKY/USD,1,USD-USDC,0.25,3,1,0,,,,,,,,,,,TRUE
SKY-USDC,Bybit,SKY/USDT,2,USDC-USDT,0.25,3,1,0,,,,,,,,,,,TRUE
SKY-USDC,Bitget,SKY/USDT,2,USDC-USDT,0.167,2,1,0,,,,,,,,,,,TRUE
SKY-USDC,OKX,SKY/USDT,2,USDC-USDT,0.333,4,1,0,,,,,,,,,,,TRUE
SKY-USDT,OKX,SKY/USDT,0,,0.333,4,1,0,,,,,,,,,,,TRUE
SKY-USDT,Coinbase,SKY/USD,2,USDT-USD,0.25,3,1,0,,,,,,,,,,,TRUE
SKY-USDT,Bybit,SKY/USDT,0,,0.25,3,1,0,,,,,,,,,,,TRUE
SKY-USDT,Bitget,SKY/USDT,0,,0.167,2,1,0,,,,,,,,,,,TRUE
SLP-USD,OKX,SLP/USDT,1,USDT-USD,0.333,4,1,0,,,,,,,,,,,TRUE
SLP-USD,Binance,SLP/USDT,1,USDT-USD,0.333,4,1,0,,,,,,,,,,,TRUE
SLP-USD,Mxc,SLP/USDT,1,USDT-USD,0.167,2,1,0,,,,,,,,,,,TRUE
SLP-USD,Gate,SLP/USDT,1,USDT-USD,0.167,2,1,0,,,,,,,,,,,TRUE
SLP-USDT,Mxc,SLP/USDT,0,,0.167,2,1,0,,,,,,,,,,,TRUE
SLP-USDT,OKX,SLP/USDT,0,,0.333,4,1,0,,,,,,,,,,,TRUE
SLP-USDT,Binance,SLP/USDT,0,,0.333,4,1,0,,,,,,,,,,,TRUE
SLP-USDT,Gate,SLP/USDT,0,,0.167,2,1,0,,,,,,,,,,,TRUE
SNDK-USDT,Pyth,SNDK/USD,2,USDT-USD,0.4,2,1,0,,,,,,,,,,,TRUE
SNDK-USDT,Hyperliquid_LINEAR_PERPETUAL,SNDK/USDC,1,USDC-USDT,0.3,2,1,0,,,,,,,,,,,TRUE
SNDK-USDT,OKX_PERPETUAL,SNDK-USDT/SWAP-SWAP,1,USDT/SWAP-USDT,0.3,2,1,0,,,,,,,,,,,TRUE
SNT-EUR,Gate,SNT/USDT,1,USDT-EUR,0.333,2,1,0,,,,,,,,,,,TRUE
SNT-EUR,OKX,SNT/USDT,1,USDT-EUR,0.667,4,1,0,,,,,,,,,,,TRUE
SNT-USD,Gate,SNT/USDT,1,USDT-USD,0.333,2,1,0,,,,,,,,,,,TRUE
SNT-USD,OKX,SNT/USDT,1,USDT-USD,0.667,4,1,0,,,,,,,,,,,TRUE
SNT-USDC,Gate,SNT/USDT,2,USDC-USDT,0.333,2,1,0,,,,,,,,,,,TRUE
SNT-USDC,OKX,SNT/USDT,2,USDC-USDT,0.667,4,1,0,,,,,,,,,,,TRUE
SNT-USDT,Gate,SNT/USDT,0,,0.333,2,1,0,,,,,,,,,,,TRUE
SNT-USDT,OKX,SNT/USDT,0,,0.667,4,1,0,,,,,,,,,,,TRUE
SNX-USD,Crypto,SNX/USD,0,,0.188,3,1,0,,,,,,,,,,,TRUE
SNX-USD,OKX,SNX/USDT,1,USDT-USD,0.25,4,1,0,,,,,,,,,,,TRUE
SNX-USD,Binance,SNX/USDT,1,USDT-USD,0.25,4,1,0,,,,,,,,,,,TRUE
SNX-USD,Coinbase,SNX/USD,0,,0.188,3,1,0,,,,,,,,,,,TRUE
SNX-USD,Kucoin,SNX/USDT,1,USDT-USD,0.125,2,1,0,,,,,,,,,,,TRUE
SOL-AED,Gate,SOL/USDT,1,USDT-AED,0.133,2,1,0,,,,,,,,,,,TRUE
SOL-AED,OKX,SOL/USDT,1,USDT-AED,0.267,4,1,0,,,,,,,,,,,TRUE
SOL-AED,Binance,SOL/USDT,1,USDT-AED,0.267,4,1,0,,,,,,,,,,,TRUE
SOL-AED,Kucoin,SOL/USDT,1,USDT-AED,0.133,2,1,0,,,,,,,,,,,TRUE
SOL-AED,Bybit,SOL/USDT,1,USDT-AED,0.2,3,1,0,,,,,,,,,,,TRUE
SOL-EUR,OKX,SOL/EUR,0,,0.182,4,1,0,,,,,,,,,,,TRUE
SOL-EUR,Crypto,SOL/EUR,0,,0.136,3,1,0,,,,,,,,,,,TRUE
SOL-EUR,Binance,SOL/EUR,0,,0.182,4,1,0,,,,,,,,,,,TRUE
SOL-EUR,Bitstamp,SOL/EUR,0,,0.091,2,1,0,,,,,,,,,,,TRUE
SOL-EUR,Kraken,SOL/EUR,0,,0.136,3,1,0,,,,,,,,,,,TRUE
SOL-EUR,Bybit,SOL/EUR,0,,0.136,3,1,0,,,,,,,,,,,TRUE
SOL-EUR,Coinbase,SOL/EUR,0,,0.136,3,1,0,,,,,,,,,,,TRUE
SOL-USDT,OKX,SOL/USDT,0,,0.25,4,1,0,,,,,,,,,,,TRUE
SOL-USDT,Binance,SOL/USDT,0,,0.25,4,1,0,,,,,,,,,,,TRUE
SOL-USDT,Bybit,SOL/USDT,0,,0.188,3,1,0,,,,,,,,,,,TRUE
SOL-USDT,Bitget,SOL/USDT,0,,0.125,2,1,0,,,,,,,,,,,TRUE
SOL-USDT,Coinbase,SOL/USD,2,USDT-USD,0.188,3,1,0,,,,,,,,,,,TRUE
SONIC-EUR,Gate,SONIC/USDT,1,USDT-EUR,1.0,2,1,0,,,,,,,,,,,TRUE
SOPH-USDT,Binance,SOPH/USDT,0,,0.5,4,1,0,,,,,,,,,,,TRUE
SOPH-USDT,Bitget,SOPH/USDT,0,,0.25,2,1,0,,,,,,,,,,,TRUE
SOPH-USDT,Gate,SOPH/USDT,0,,0.25,2,1,0,,,,,,,,,,,TRUE
SPURS-EUR,Gate,SPURS/USDT,1,USDT-EUR,0.333,2,1,0,,,,,,,,,,,TRUE
SPURS-EUR,OKX,SPURS/USDT,1,USDT-EUR,0.667,4,1,0,,,,,,,,,,,TRUE
SPURS-USD,Gate,SPURS/USDT,1,USDT-USD,0.333,2,1,0,,,,,,,,,,,TRUE
SPURS-USD,OKX,SPURS/USDT,1,USDT-USD,0.667,4,1,0,,,,,,,,,,,TRUE
SPURS-USDC,Gate,SPURS/USDT,2,USDC-USDT,0.333,2,1,0,,,,,,,,,,,TRUE
SPURS-USDC,OKX,SPURS/USDT,2,USDC-USDT,0.667,4,1,0,,,,,,,,,,,TRUE
SPURS-USDT,Gate,SPURS/USDT,0,,0.333,2,1,0,,,,,,,,,,,TRUE
SPURS-USDT,OKX,SPURS/USDT,0,,0.667,4,1,0,,,,,,,,,,,TRUE
SPY-USDT,Ondo_TICKER,SPY/USD,2,USDT-USD,0.25,2,1,0,,,,,,,,,,,TRUE
SPY-USDT,Pyth,SPY/USD,2,USDT-USD,0.25,2,1,0,,,,,,,,,,,TRUE
SPY-USDT,OKX_PERPETUAL,SPY-USDT/SWAP-SWAP,1,USDT/SWAP-USDT,0.25,2,1,0,,,,,,,,,,,TRUE
SPY-USDT,Gate_LINEAR_PERPETUAL,SPYX/USDT,0,,0.25,2,1,0,,,,,,,,,,,TRUE
SSV-EUR,Bybit,SSV/USDT,1,USDT-EUR,1.0,3,1,0,,,,,,,,,,,TRUE
SSV-USD,Binance,SSV/USDT,1,USDT-USD,0.333,4,1,0,,,,,,,,,,,TRUE
SSV-USD,Kucoin,SSV/USDT,1,USDT-USD,0.167,2,1,0,,,,,,,,,,,TRUE
SSV-USD,Gate,SSV/USDT,1,USDT-USD,0.167,2,1,0,,,,,,,,,,,TRUE
SSV-USD,OKX,SSV/USDT,1,USDT-USD,0.333,4,1,0,,,,,,,,,,,TRUE
STETH-ETH,OKX,STETH/USDT,2,ETH-USDT,0.571,4,1,0,,,,,,,,,,,TRUE
STETH-ETH,Bybit,STETH/USDT,2,ETH-USDT,0.429,3,1,0,,,,,,,,,,,TRUE
STRK-TRY,BTCTurk,STRK/TRY,0,,1.0,2,1,0,,,,,,,,,,,TRUE
STRK-USD,Kraken,STRK/USD,0,,0.2,3,1,0,,,,,,,,,,,TRUE
STRK-USD,Crypto,STRK/USD,0,,0.2,3,1,0,,,,,,,,,,,TRUE
STRK-USD,Bybit,STRK/USDT,1,USDT-USD,0.2,3,1,0,,,,,,,,,,,TRUE
STRK-USD,OKX,STRK/USDT,1,USDT-USD,0.267,4,1,0,,,,,,,,,,,TRUE
STRK-USD,Kucoin,STRK/USDT,1,USDT-USD,0.133,2,1,0,,,,,,,,,,,TRUE
STX-USD,Binance,STX/USDT,1,USDT-USD,0.267,4,1,0,,,,,,,,,,,TRUE
STX-USD,OKX,STX/USDT,1,USDT-USD,0.267,4,1,0,,,,,,,,,,,TRUE
STX-USD,Kucoin,STX/USDT,1,USDT-USD,0.133,2,1,0,,,,,,,,,,,TRUE
STX-USD,Gate,STX/USDT,1,USDT-USD,0.133,2,1,0,,,,,,,,,,,TRUE
STX-USD,Kraken,STX/USD,0,,0.2,3,1,0,,,,,,,,,,,TRUE
SUI-EUR,OKX,SUI/EUR,0,,0.308,4,1,0,,,,,,,,,,,TRUE
SUI-EUR,Bitvavo,SUI/EUR,0,,0.154,2,1,0,,,,,,,,,,,TRUE
SUI-EUR,Binance,SUI/EUR,0,,0.308,4,1,0,,,,,,,,,,,TRUE
SUI-EUR,Kraken,SUI/EUR,0,,0.231,3,1,0,,,,,,,,,,,TRUE
SUI-TRY,Binance,SUI/TRY,0,,0.667,4,1,0,,,,,,,,,,,TRUE
SUI-TRY,BTCTurk,SUI/TRY,0,,0.333,2,1,0,,,,,,,,,,,TRUE
SUI-USDC,Bybit,SUI/USDC,0,,0.429,3,1,0,,,,,,,,,,,TRUE
SUI-USDC,Binance,SUI/USDC,0,,0.571,4,1,0,,,,,,,,,,,TRUE
SUSHI-EUR,Bitvavo,SUSHI/EUR,0,,1.0,2,1,0,,,,,,,,,,,TRUE
SUSHI-USD,Kucoin,SUSHI/USDT,1,USDT-USD,0.133,2,1,0,,,,,,,,,,,TRUE
SUSHI-USD,Binance,SUSHI/USDT,1,USDT-USD,0.267,4,1,0,,,,,,,,,,,TRUE
SUSHI-USD,Coinbase,SUSHI/USD,0,,0.2,3,1,0,,,,,,,,,,,TRUE
SUSHI-USD,Gate,SUSHI/USDT,1,USDT-USD,0.133,2,1,0,,,,,,,,,,,TRUE
SUSHI-USD,OKX,SUSHI/USDT,1,USDT-USD,0.267,4,1,0,,,,,,,,,,,TRUE
T-EUR,Mxc,T/USDT,1,USDT-EUR,1.0,2,1,0,,,,,,,,,,,TRUE
TIA-TRY,Binance,TIA/TRY,0,,0.667,4,1,0,,,,,,,,,,,TRUE
TIA-TRY,BTCTurk,TIA/TRY,0,,0.333,2,1,0,,,,,,,,,,,TRUE
TNSR-EUR,Mxc,TNSR/USDT,1,USDT-EUR,0.4,2,1,0,,,,,,,,,,,TRUE
TNSR-EUR,Bybit,TNSR/USDT,1,USDT-EUR,0.6,3,1,0,,,,,,,,,,,TRUE
TNSR-TRY,Binance,TNSR/USDT,1,USDT-TRY,0.333,4,1,0,,,,,,,,,,,TRUE
TNSR-TRY,OKX,TNSR/USDT,1,USDT-TRY,0.333,4,1,0,,,,,,,,,,,TRUE
TNSR-TRY,Gate,TNSR/USDT,1,USDT-TRY,0.167,2,1,0,,,,,,,,,,,TRUE
TNSR-TRY,Mxc,TNSR/USDT,1,USDT-TRY,0.167,2,1,0,,,,,,,,,,,TRUE
TNSR-USD,Binance,TNSR/USDT,1,USDT-USD,0.333,4,1,0,,,,,,,,,,,TRUE
TNSR-USD,OKX,TNSR/USDT,1,USDT-USD,0.333,4,1,0,,,,,,,,,,,TRUE
TNSR-USD,Gate,TNSR/USDT,1,USDT-USD,0.167,2,1,0,,,,,,,,,,,TRUE
TNSR-USD,Mxc,TNSR/USDT,1,USDT-USD,0.167,2,1,0,,,,,,,,,,,TRUE
TON-EUR,Gate,TON/USDT,1,USDT-EUR,0.182,2,1,0,,,,,,,,,,,TRUE
TON-EUR,Bybit,TON/USDT,1,USDT-EUR,0.273,3,1,0,,,,,,,,,,,TRUE
TON-EUR,OKX,TON/USDT,1,USDT-EUR,0.364,4,1,0,,,,,,,,,,,TRUE
TON-EUR,Kucoin,TON/USDT,1,USDT-EUR,0.182,2,1,0,,,,,,,,,,,TRUE
TON-USD,Bybit,TON/USDT,1,USDT-USD,0.273,3,1,0,,,,,,,,,,,TRUE
TON-USD,OKX,TON/USDT,1,USDT-USD,0.364,4,1,0,,,,,,,,,,,TRUE
TON-USD,Kucoin,TON/USDT,1,USDT-USD,0.182,2,1,0,,,,,,,,,,,TRUE
TON-USD,Gate,TON/USDT,1,USDT-USD,0.182,2,1,0,,,,,,,,,,,TRUE
TON-USDC,Binance,TON/USDC,0,,0.571,4,1,0,,,,,,,,,,,TRUE
TON-USDC,Bybit,TON/USDC,0,,0.429,3,1,0,,,,,,,,,,,TRUE
TRA-EUR,OKX,TRA/USDT,1,USDT-EUR,0.667,4,1,0,,,,,,,,,,,TRUE
TRA-EUR,Gate,TRA/USDT,1,USDT-EUR,0.333,2,1,0,,,,,,,,,,,TRUE
TRA-USD,OKX,TRA/USDT,1,USDT-USD,0.667,4,1,0,,,,,,,,,,,TRUE
TRA-USD,Gate,TRA/USDT,1,USDT-USD,0.333,2,1,0,,,,,,,,,,,TRUE
TRA-USDC,Gate,TRA/USDT,2,USDC-USDT,0.333,2,1,0,,,,,,,,,,,TRUE
TRA-USDC,OKX,TRA/USDT,2,USDC-USDT,0.667,4,1,0,,,,,,,,,,,TRUE
TRA-USDT,OKX,TRA/USDT,0,,0.667,4,1,0,,,,,,,,,,,TRUE
TRA-USDT,Gate,TRA/USDT,0,,0.333,2,1,0,,,,,,,,,,,TRUE
TRX-EUR,Kraken,TRX/EUR,0,,0.231,3,1,0,,,,,,,,,,,TRUE
TRX-EUR,OKX,TRX/EUR,0,,0.308,4,1,0,,,,,,,,,,,TRUE
TRX-EUR,Bitvavo,TRX/EUR,0,,0.154,2,1,0,,,,,,,,,,,TRUE
TRX-EUR,Binance,TRX/EUR,0,,0.308,4,1,0,,,,,,,,,,,TRUE
TRX-TRY,OKX,TRX/TRY,0,,0.4,4,1,0,,,,,,,,,,,TRUE
TRX-TRY,Binance,TRX/TRY,0,,0.4,4,1,0,,,,,,,,,,,TRUE
TRX-TRY,BTCTurk,TRX/TRY,0,,0.2,2,1,0,,,,,,,,,,,TRUE
TRX-USDC,Bybit,TRX/USDC,0,,0.6,3,1,0,,,,,,,,,,,TRUE
TRX-USDC,Kucoin,TRX/USDC,0,,0.4,2,1,0,,,,,,,,,,,TRUE
TSLA-USDT,Ondo_TICKER,TSLA/USD,2,USDT-USD,0.2,2,1,0,,,,,,,,,,,TRUE
TSLA-USDT,Pyth,TSLA/USD,2,USDT-USD,0.2,2,1,0,,,,,,,,,,,TRUE
TSLA-USDT,Binance_LINEAR_INDEX,TSLA/USDT,0,,0.2,2,1,0,,,,,,,,,,,TRUE
TSLA-USDT,Bitmart,TSLAX/USDT,0,,0.1,2,1,0,,,,,,,,,,,TRUE
TSLA-USDT,Binance_LINEAR_PERPETUAL,TSLA/USDT,0,,0.15,2,1,0,,,,,,,,,,,TRUE
TSLA-USDT,OKX_PERPETUAL,TSLA-USDT/SWAP-SWAP,1,USDT/SWAP-USDT,0.15,2,1,0,,,,,,,,,,,TRUE
TSM-USDT,Ondo_TICKER,TSM/USD,2,USDT-USD,0.2,2,1,0,,,,,,,,,,,TRUE
TSM-USDT,Pyth,TSM/USD,2,USDT-USD,0.2,2,1,0,,,,,,,,,,,TRUE
TSM-USDT,Hyperliquid_LINEAR_PERPETUAL,TSM/USDC,1,USDC-USDT,0.3,2,1,0,,,,,,,,,,,TRUE
TSM-USDT,OKX_PERPETUAL,TSM-USDT/SWAP-SWAP,1,USDT/SWAP-USDT,0.3,2,1,0,,,,,,,,,,,TRUE
TURBO-EUR,Binance,TURBO/USDT,1,USDT-EUR,0.571,4,1,0,,,,,,,,,,,TRUE
TURBO-EUR,Coinbase,TURBO/USD,1,USD-EUR,0.429,3,1,0,,,,,,,,,,,TRUE
UMA-EUR,BingX,UMA/USDT,1,USDT-EUR,1.0,2,1,0,,,,,,,,,,,TRUE
UMA-USD,Binance,UMA/USDT,1,USDT-USD,0.4,4,1,0,,,,,,,,,,,TRUE
UMA-USD,OKX,UMA/USDT,1,USDT-USD,0.4,4,1,0,,,,,,,,,,,TRUE
UMA-USD,BingX,UMA/USDT,1,USDT-USD,0.2,2,1,0,,,,,,,,,,,TRUE
UMA-USDC,OKX,UMA/USDT,2,USDC-USDT,0.4,4,1,0,,,,,,,,,,,TRUE
UMA-USDC,Binance,UMA/USDT,2,USDC-USDT,0.4,4,1,0,,,,,,,,,,,TRUE
UMA-USDC,BingX,UMA/USDT,2,USDC-USDT,0.2,2,1,0,,,,,,,,,,,TRUE
UMA-USDT,OKX,UMA/USDT,0,,0.4,4,1,0,,,,,,,,,,,TRUE
UMA-USDT,Binance,UMA/USDT,0,,0.4,4,1,0,,,,,,,,,,,TRUE
UMA-USDT,BingX,UMA/USDT,0,,0.2,2,1,0,,,,,,,,,,,TRUE
UNI-EUR,Bitstamp,UNI/EUR,0,,0.167,2,1,0,,,,,,,,,,,TRUE
UNI-EUR,Kraken,UNI/EUR,0,,0.25,3,1,0,,,,,,,,,,,TRUE
UNI-EUR,Coinbase,UNI/EUR,0,,0.25,3,1,0,,,,,,,,,,,TRUE
UNI-EUR,OKX,UNI/EUR,0,,0.333,4,1,0,,,,,,,,,,,TRUE
UNI-USD,Binance,UNI/BTC,1,BTC-USD,0.333,4,1,0,,,,,,,,,,,TRUE
UNI-USD,Gate,UNI/USDT,1,USDT-USD,0.167,2,1,0,,,,,,,,,,,TRUE
UNI-USD,Kraken,UNI/USD,0,,0.25,3,1,0,,,,,,,,,,,TRUE
UNI-USD,Coinbase,UNI/USD,0,,0.25,3,1,0,,,,,,,,,,,TRUE
USD1-USDT,Binance,USD1/USDT,0,,0.444,4,1,0,,,,,,,,,,,TRUE
USD1-USDT,Gate,USD1/USDT,0,,0.222,2,1,0,,,,,,,,,,,TRUE
USD1-USDT,Bybit,USD1/USDT,0,,0.333,3,1,0,,,,,,,,,,,TRUE
USDG-EUR,Kraken,USDG/USD,1,USD-EUR,0.429,3,1,0,,,,,,,,,,,TRUE
USDG-EUR,OKX,USDG/USDT,1,USDT-EUR,0.571,4,1,0,,,,,,,,,,,TRUE
USDT-AED,OKX_Fiat,USD/AED,0,,1.0,2,1,0,,,,,,,,,,,TRUE
VELO-USD,Gate,VELO/USDT,1,USDT-USD,0.25,2,1,0,,,,,,,,,,,TRUE
VELO-USD,OKX,VELO/USDT,1,USDT-USD,0.5,4,1,0,,,,,,,,,,,TRUE
VELO-USD,Kucoin,VELO/USDT,1,USDT-USD,0.25,2,1,0,,,,,,,,,,,TRUE
VELODROME-EUR,Binance,VELODROME/USDT,1,USDT-EUR,1.0,4,1,0,,,,,,,,,,,TRUE
VINE-USDT,Bitget,VINE/USDT,0,,0.25,2,1,0,,,,,,,,,,,TRUE
VINE-USDT,OKX,VINE/USDT,0,,0.5,4,1,0,,,,,,,,,,,TRUE
VINE-USDT,Gate,VINE/USDT,0,,0.25,2,1,0,,,,,,,,,,,TRUE
VIRTUAL-EUR,Binance,VIRTUAL/USDT,1,USDT-EUR,0.5,4,1,0,,,,,,,,,,,TRUE
VIRTUAL-EUR,OKX,VIRTUAL/USDT,1,USDT-EUR,0.5,4,1,0,,,,,,,,,,,TRUE
W-EUR,Bybit,W/USDT,1,USDT-EUR,1.0,3,1,0,,,,,,,,,,,TRUE
W-USD,Binance,W/USDT,1,USDT-USD,0.333,4,1,0,,,,,,,,,,,TRUE
W-USD,OKX,W/USDT,1,USDT-USD,0.333,4,1,0,,,,,,,,,,,TRUE
W-USD,Gate,W/USDT,1,USDT-USD,0.167,2,1,0,,,,,,,,,,,TRUE
W-USD,Kucoin,W/USDT,1,USDT-USD,0.167,2,1,0,,,,,,,,,,,TRUE
WAL-USDT,Bybit,WAL/USDT,0,,0.273,3,1,0,,,,,,,,,,,TRUE
WAL-USDT,Gate,WAL/USDT,0,,0.182,2,1,0,,,,,,,,,,,TRUE
WAL-USDT,Binance_LINEAR_PERPETUAL,WAL/USDT,0,,0.182,2,1,0,,,,,,,,,,,TRUE
WAL-USDT,Bitget,WAL/USDT,0,,0.182,2,1,0,,,,,,,,,,,TRUE
WAL-USDT,Kucoin,WAL/USDT,0,,0.182,2,1,0,,,,,,,,,,,TRUE
WIF-EUR,Bitstamp,WIF/EUR,0,,0.4,2,1,0,,,,,,,,,,,TRUE
WIF-EUR,Kraken,WIF/EUR,0,,0.6,3,1,0,,,,,,,,,,,TRUE
WIF-TRY,Binance,WIF/TRY,0,,0.667,4,1,0,,,,,,,,,,,TRUE
WIF-TRY,BTCTurk,WIF/TRY,0,,0.333,2,1,0,,,,,,,,,,,TRUE
WIF-USD,Binance,WIF/USDT,1,USDT-USD,0.333,4,1,0,,,,,,,,,,,TRUE
WIF-USD,Kucoin,WIF/USDT,1,USDT-USD,0.167,2,1,0,,,,,,,,,,,TRUE
WIF-USD,OKX,WIF/USDT,1,USDT-USD,0.333,4,1,0,,,,,,,,,,,TRUE
WIF-USD,Gate,WIF/USDT,1,USDT-USD,0.167,2,1,0,,,,,,,,,,,TRUE
WIN-EUR,OKX,WIN/USDT,1,USDT-EUR,1.0,4,1,0,,,,,,,,,,,TRUE
WOO-EUR,Binance,WOO/USDT,1,USDT-EUR,0.4,4,1,0,,,,,,,,,,,TRUE
WOO-EUR,OKX,WOO/USDT,1,USDT-EUR,0.4,4,1,0,,,,,,,,,,,TRUE
WOO-EUR,Kucoin,WOO/USDT,1,USDT-EUR,0.2,2,1,0,,,,,,,,,,,TRUE
WOO-USD,Binance,WOO/USDT,1,USDT-USD,0.333,4,1,0,,,,,,,,,,,TRUE
WOO-USD,OKX,WOO/USDT,1,USDT-USD,0.333,4,1,0,,,,,,,,,,,TRUE
WOO-USD,Kucoin,WOO/USDT,1,USDT-USD,0.167,2,1,0,,,,,,,,,,,TRUE
WOO-USD,Gate,WOO/USDT,1,USDT-USD,0.167,2,1,0,,,,,,,,,,,TRUE
WOO-USDC,OKX,WOO/USDT,2,USDC-USDT,0.4,4,1,0,,,,,,,,,,,TRUE
WOO-USDC,Kucoin,WOO/USDT,2,USDC-USDT,0.2,2,1,0,,,,,,,,,,,TRUE
WOO-USDC,Binance,WOO/USDT,2,USDC-USDT,0.4,4,1,0,,,,,,,,,,,TRUE
WOO-USDT,OKX,WOO/USDT,0,,0.4,4,1,0,,,,,,,,,,,TRUE
WOO-USDT,Kucoin,WOO/USDT,0,,0.2,2,1,0,,,,,,,,,,,TRUE
WOO-USDT,Binance,WOO/USDT,0,,0.4,4,1,0,,,,,,,,,,,TRUE
XAU-USD,OKX,PAXG/USDT,1,USDT-USD,0.25,4,1,0,,,,,,,,,,,TRUE
XAU-USD,Bitget,PAXG/USDT,1,USDT-USD,0.1,2,1,0,,,,,,,,,,,TRUE
XAU-USD,OKX_TradFi,XAU/USD,0,,0.2,2,1,0,,,,,,,,,,,TRUE
XAU-USD,Pyth,XAU/USD,0,,0.2,2,1,0,,,,,,,,,,,TRUE
XAU-USD,Binance,PAXG/USDT,1,USDT-USD,0.25,4,1,0,,,,,,,,,,,TRUE
XAU-USDT,OKX,PAXG/USDT,0,,0.25,4,1,0,,,,,,,,,,,TRUE
XAU-USDT,Bitget,PAXG/USDT,0,,0.1,2,1,0,,,,,,,,,,,TRUE
XAU-USDT,Pyth,XAU/USD,2,USDT-USD,0.2,2,1,0,,,,,,,,,,,TRUE
XAU-USDT,OKX_TradFi,XAU/USD,2,USDT-USD,0.2,2,1,0,,,,,,,,,,,TRUE
XAU-USDT,Binance,PAXG/USDT,0,,0.25,4,1,0,,,,,,,,,,,TRUE
XCU-USDT,Pyth_Front,XCU/USD,2,USDT-USD,0.4,2,1,0,,,,,,,,,,,TRUE
XCU-USDT,Hyperliquid_LINEAR_PERPETUAL,XCU/USDC,1,USDC-USDT,0.3,2,1,0,,,,,,,,,,,TRUE
XCU-USDT,OKX_PERPETUAL,XCU-USDT/SWAP-SWAP,1,USDT/SWAP-USDT,0.3,2,1,0,,,,,,,,,,,TRUE
XLM-EUR,Coinbase,XLM/EUR,0,,0.25,3,1,0,,,,,,,,,,,TRUE
XLM-EUR,Kraken,XLM/EUR,0,,0.25,3,1,0,,,,,,,,,,,TRUE
XLM-EUR,Binance,XLM/EUR,0,,0.333,4,1,0,,,,,,,,,,,TRUE
XLM-EUR,Bitstamp,XLM/EUR,0,,0.167,2,1,0,,,,,,,,,,,TRUE
XLM-USD,Binance,XLM/USDT,1,USDT-USD,0.25,4,1,0,,,,,,,,,,,TRUE
XLM-USD,Coinbase,XLM/USD,0,,0.188,3,1,0,,,,,,,,,,,TRUE
XLM-USD,Kucoin,XLM/USDT,1,USDT-USD,0.125,2,1,0,,,,,,,,,,,TRUE
XLM-USD,OKX,XLM/USDT,1,USDT-USD,0.25,4,1,0,,,,,,,,,,,TRUE
XLM-USD,Kraken,XLM/USD,0,,0.188,3,1,0,,,,,,,,,,,TRUE
XPT-USDT,OKX_TradFi,XPT/USD,2,USDT-USD,0.4,2,1,0,,,,,,,,,,,TRUE
XPT-USDT,Binance_LINEAR_PERPETUAL,XPT/USDT,0,,0.3,2,1,0,,,,,,,,,,,TRUE
XPT-USDT,OKX_PERPETUAL,XPT-USDT/SWAP-SWAP,1,USDT/SWAP-USDT,0.3,2,1,0,,,,,,,,,,,TRUE
XTZ-EUR,OKX,XTZ/EUR,0,,0.571,4,1,0,,,,,,,,,,,TRUE
XTZ-EUR,Kraken,XTZ/EUR,0,,0.429,3,1,0,,,,,,,,,,,TRUE
XTZ-USD,Coinbase,XTZ/USD,0,,0.231,3,1,0,,,,,,,,,,,TRUE
XTZ-USD,Kucoin,XTZ/USDT,1,USDT-USD,0.154,2,1,0,,,,,,,,,,,TRUE
XTZ-USD,Binance,XTZ/USDT,1,USDT-USD,0.308,4,1,0,,,,,,,,,,,TRUE
XTZ-USD,OKX,XTZ/USDT,1,USDT-USD,0.308,4,1,0,,,,,,,,,,,TRUE
YFI-USD,Kraken,YFI/USD,0,,0.214,3,1,0,,,,,,,,,,,TRUE
YFI-USD,Binance,YFI/USDT,1,USDT-USD,0.286,4,1,0,,,,,,,,,,,TRUE
YFI-USD,Coinbase,YFI/USD,0,,0.214,3,1,0,,,,,,,,,,,TRUE
YFI-USD,OKX,YFI/USDT,1,USDT-USD,0.286,4,1,0,,,,,,,,,,,TRUE
ZBT-USDT,Bitget,ZBT/USDT,0,,0.154,2,1,0,,,,,,,,,,,TRUE
ZBT-USDT,Binance,ZBT/USDT,0,,0.308,4,1,0,,,,,,,,,,,TRUE
ZBT-USDT,Binance_LINEAR_PERPETUAL,ZBT/USDT,0,,0.154,2,1,0,,,,,,,,,,,TRUE
ZBT-USDT,Bybit,ZBT/USDT,0,,0.231,3,1,0,,,,,,,,,,,TRUE
ZBT-USDT,Gate,ZBT/USDT,0,,0.154,2,1,0,,,,,,,,,,,TRUE
ZIL-EUR,Bybit,ZIL/USDT,1,USDT-EUR,1.0,3,1,0,,,,,,,,,,,TRUE
ZIL-USD,OKX,ZIL/USDT,1,USDT-USD,0.5,4,1,0,,,,,,,,,,,TRUE
ZIL-USD,Gate,ZIL/USDT,1,USDT-USD,0.25,2,1,0,,,,,,,,,,,TRUE
ZIL-USD,Kucoin,ZIL/USDT,1,USDT-USD,0.25,2,1,0,,,,,,,,,,,TRUE
ZKP-USDT,Gate,ZKP/USDT,0,,0.167,2,1,0,,,,,,,,,,,TRUE
ZKP-USDT,Mxc,ZKP/USDT,0,,0.167,2,1,0,,,,,,,,,,,TRUE
ZKP-USDT,Coinbase,ZKP/USD,2,USDT-USD,0.25,3,1,0,,,,,,,,,,,TRUE
ZKP-USDT,Binance_LINEAR_PERPETUAL,ZKP/USDT,0,,0.167,2,1,0,,,,,,,,,,,TRUE
ZKP-USDT,Bybit,ZKP/USDT,0,,0.25,3,1,0,,,,,,,,,,,TRUE
ZRO-EUR,Binance,ZRO/USDT,1,USDT-EUR,1.0,4,1,0,,,,,,,,,,,TRUE
ZRO-USD,OKX,ZRO/USDT,1,USDT-USD,0.364,4,1,0,,,,,,,,,,,TRUE
ZRO-USD,Bybit,ZRO/USDT,1,USDT-USD,0.273,3,1,0,,,,,,,,,,,TRUE
ZRO-USD,Gate,ZRO/USDT,1,USDT-USD,0.182,2,1,0,,,,,,,,,,,TRUE
ZRO-USD,Kucoin,ZRO/USDT,1,USDT-USD,0.182,2,1,0,,,,,,,,,,,TRUE
ZRO-USDC,OKX,ZRO/USDT,2,USDC-USDT,0.267,4,1,0,,,,,,,,,,,TRUE
ZRO-USDC,Bybit,ZRO/USDT,2,USDC-USDT,0.2,3,1,0,,,,,,,,,,,TRUE
ZRO-USDC,Gate,ZRO/USDT,2,USDC-USDT,0.133,2,1,0,,,,,,,,,,,TRUE
ZRO-USDC,Kucoin,ZRO/USDT,2,USDC-USDT,0.133,2,1,0,,,,,,,,,,,TRUE
ZRO-USDC,Binance,ZRO/USDT,2,USDC-USDT,0.267,4,1,0,,,,,,,,,,,TRUE
